,EAR_mean,EAR_std,blinking_rate,blink_duration,MAR_mean,MAR_std,PUC_mean,PUC_std,MOE_mean,MOE_std,vtilt_mean,vtilt_std,htilt_mean,htilt_std
0,-168.74271072786388,374.71964798964257,33.68983957219251,0.4333333333333333,-168.66711847886896,374.75372307551385,-168.46352388985534,374.84549972722704,-167.48379261919672,375.28765859487197,-168.94451929500224,374.62867248503295,-168.8965821838058,374.6502816751961
1,0.1883710278849769,0.039919651771086154,24.0,0.4138888888888889,0.28198735979172834,0.04256024024434443,0.513654096591561,0.023186407831860954,1.5862977742276243,0.5296923833754902,-0.05860314028544554,0.00596532716113262,-0.007864171080291247,0.007817936969848192
2,0.19827484387868835,0.03284692483502864,20.0,0.3533333333333334,0.3021363746773373,0.013789173889394669,0.5156693337718733,0.020987985904337238,1.595060390520123,0.4569422759880434,-0.05434349361393182,0.005067271951493771,-0.0023475057135025593,0.00685890686150444
3,0.19585547012847568,0.02808605135911401,16.0,0.4083333333333333,0.3077264336978352,0.010300347905745147,0.5131348244171668,0.018328224485408953,1.6270684160858842,0.4108307255987037,-0.05205130965966313,0.0026418474119182097,0.0035163388111524854,0.004978802658334976
4,0.1923045896538619,0.029716542820226375,20.0,0.6,0.3085827366061555,0.00939421764227943,0.5131694314568697,0.01951385873674085,1.667048364169659,0.4282985309882722,-0.05194877190101473,0.0025245022170680975,0.0039906497092710245,0.004214587184303654
5,0.19609792290131295,0.029937193659567356,12.0,0.8722222222222222,0.30885341967231184,0.008365985338909327,0.5188049067082734,0.018915514121735096,1.638114865212694,0.44045647041074215,-0.0530851397891011,0.0018954277614328776,0.003881543502211524,0.00359421614430027
6,0.18991815846696333,0.03782459315013951,8.0,2.6416666666666666,0.31159959764540207,0.011696482336943936,0.5162859091329269,0.02271531358130838,1.7360522621099526,0.5096305124010169,-0.05400414895680211,0.0022704572241587437,0.0016846566854251384,0.0013888429289022558
7,0.1957118523439554,0.038042075791927324,8.0,2.1,0.30679779132441065,0.0180788533844762,0.5232628954765188,0.02617252809741314,1.661398121623932,0.5136599196712494,-0.05542947585797967,0.0032869383047181627,0.002834608989457253,0.0038599932567598048
8,0.20334814439303336,0.03845921287406826,4.0,0.7333333333333333,0.30684928522937094,0.018571967030123895,0.5353512801238431,0.030621851061191536,1.5911763074793241,0.45927367336230945,-0.0563148780767288,0.0030701938389450147,0.006314122958315704,0.005370732977859941
9,0.2122860472506218,0.03079091822969856,12.0,0.7777777777777777,0.30556380616164147,0.016728808035720667,0.5396620882157965,0.027253152681897992,1.4975670394581666,0.43468221029612625,-0.05497074125541576,0.004374335181315671,0.007199667154086922,0.005593799747954866
10,0.2124923837284486,0.03203205524548168,12.0,1.7722222222222221,0.3091611966363515,0.01072887480969889,0.540248968484993,0.028379977727356568,1.5192404140101947,0.451484547587272,-0.05407760488283298,0.0037316085399088394,0.0061886251510844936,0.005519582706414523
11,0.1998185304840206,0.035873343399805524,20.0,1.0533333333333332,0.30901200580751176,0.010615517011139792,0.5242334854537546,0.0279032572294501,1.6370079239240054,0.5332346746458699,-0.052410248621470354,0.003577752041501939,0.0021793577406141336,0.004567321520644892
12,0.1917664357592955,0.03347916219278242,12.0,0.47222222222222227,0.3086321355643212,0.010704655271659315,0.5186113406270235,0.026726260367024277,1.6870839775792235,0.47338034343087054,-0.05164291195778378,0.0037012713200275165,-0.0006322937086224505,0.004781237475626365
13,0.18199730542334733,0.02799926066876505,16.0,0.9125000000000001,0.3097009885113562,0.010565532372446122,0.5082016700168122,0.016944401880470337,1.7664562886232331,0.4444410419302019,-0.05067473200667231,0.0030719255522122287,-0.0032013018429278995,0.0036682815879232043
14,0.18197749176375383,0.029237952152074944,12.0,1.361111111111111,0.3099939420329767,0.010460064979495289,0.5090487880788729,0.019241240627569857,1.771607197343595,0.45138778144942465,-0.0502833198735283,0.004386982455348747,-0.004963716632789991,0.003837218789013919
15,0.18274621748121533,0.03368051845335334,12.0,1.2111111111111112,0.30986455940731844,0.013216060293637921,0.5038862063454611,0.02309059324599973,1.7929115229536117,0.5631000421587694,-0.04721048375902072,0.007152759793515918,-0.006828755218949537,0.004465500658665329
16,0.17939634179142533,0.03500993680323512,16.0,1.1833333333333333,0.30513303559561183,0.01538586913568397,0.49983037662220364,0.023308296047665863,1.806551104445989,0.5834603666207082,-0.04563658988413707,0.0063937758600599226,-0.007019046280119107,0.004336299998308733
17,0.17301807137216813,0.03109966981952882,8.0,0.7166666666666667,0.30065346545347515,0.01474708068564807,0.4945958125330248,0.017679043074079453,1.8259224878706888,0.5291154004822437,-0.045406520500158226,0.005451509413365726,-0.008194575268361252,0.00324586422871047
18,0.1703353233403615,0.02494904811501132,12.0,0.5111111111111111,0.29349960403163877,0.010134901441039252,0.5014425271752637,0.015637723405857253,1.7762004906470843,0.38267282583142154,-0.05074740180745716,0.004437998224639287,-0.007433501092923961,0.0025362826034618377
19,0.1655492382745305,0.024401399555989366,4.0,0.4166666666666667,0.29298221210506464,0.009350561287863981,0.5034229062815152,0.015444843872271755,1.8260888276622491,0.4074133765924754,-0.05316957270105675,0.003733805571816527,-0.008386680086453706,0.0017720202403424831
20,0.1633060800065702,0.026266361073777278,8.0,0.5833333333333334,0.2925484338594365,0.009251967473642117,0.5052389676066956,0.016594366310471783,1.8659923661572546,0.4900734815485653,-0.05357030816583165,0.0035991761643788954,-0.007432541325688313,0.001839923415950765
21,0.16411403623110626,0.029381652758959223,16.0,0.6666666666666666,0.2960031684659105,0.00937764217602763,0.5057117643064732,0.01801215798102204,1.8916849424514406,0.5228486600750117,-0.05217562898165645,0.0036682836106353587,-0.0062133576886521,0.0031438593173977645
22,0.16286989260667703,0.031262162987058,16.0,0.6875,0.29283631349118144,0.013108585719004305,0.5061717921326854,0.018783259500888775,1.8955196692309708,0.540228799708894,-0.05299151253989996,0.0048543457390173295,-0.0044320739143424185,0.0038371626964444072
23,0.15650049267080793,0.031356840660477815,4.0,0.3,0.29235671634609567,0.01405083129533042,0.5050388628897917,0.01849754732562753,1.964420772626891,0.5087466538653241,-0.054612503418077975,0.004411635538350719,-0.003101063296198811,0.003657807757021778
24,0.1510820311979159,0.02645373394948991,4.0,0.5333333333333333,0.29478686994595027,0.015554607622364141,0.5013849591959019,0.01621254361880745,2.0315864902916956,0.4832286179382844,-0.0541914786646763,0.004572262377041939,-0.0018675093890891804,0.002650939568953755
25,0.14849770657464648,0.02202044142444417,4.0,0.5,0.3020280398559739,0.011788254616542877,0.49897213565071585,0.01386989050216184,2.0908844729495715,0.4034325657967599,-0.05275310619216821,0.003389616530766815,-0.001461525120668906,0.0016646635775031773
26,0.15304637883113012,0.02199241318588182,4.0,0.9833333333333333,0.3045505758951691,0.011294275714836278,0.49928042026397734,0.014568302656771583,2.0489928716769374,0.43114045940637513,-0.0516426093007127,0.00306407591290302,-0.00026796396407814487,0.0022760158803484037
27,0.14911312065746973,0.024345273421274415,8.0,0.8333333333333334,0.3048050229033117,0.011321773140177184,0.4965445642939121,0.01685985868234053,2.1223060826389086,0.5005349270942417,-0.05201235927641387,0.002965799088523881,-0.0010229758090442866,0.00282017504686832
28,0.16183638225288,0.028702858973162042,8.0,1.05,0.30491475093821907,0.011748533422023859,0.5031209401922052,0.019505082723425538,1.9704038396947352,0.5175043964397839,-0.052150860540568784,0.0031749306950644325,-0.0025011341936058192,0.003533646955053476
29,0.1619427014377302,0.02822736588863775,4.0,0.5333333333333333,0.30506447572461526,0.01030041751506449,0.5011067501383953,0.018350974494899093,1.9646984768140687,0.4952641190177302,-0.05182637335732575,0.002851198366778262,-0.0038870472129847846,0.0033517521100991424
30,0.17625766052442865,0.02737270689424556,8.0,1.225,0.3067616817869878,0.011209323362413594,0.5042066755692004,0.017228651441112686,1.804097913536998,0.44863562642788585,-0.04801215685179659,0.006901128058700552,-0.0033389494361148685,0.005209091248397432
31,0.16650620819235945,0.031831795048051406,8.0,0.275,0.30526189999664904,0.011784888474020363,0.49762845466958033,0.01758939798766489,1.9297746759015368,0.5447703235573566,-0.04709006307336187,0.007060362130247229,-0.0034890068653556784,0.005554449215848646
32,0.1703740209345291,0.032222429252700135,12.0,0.5111111111111111,0.30535929978750426,0.011606213266030202,0.5014787535493054,0.019760057230073905,1.8927501922156766,0.5698728833053787,-0.046655737088165304,0.00684491050947035,-0.0022485908203654726,0.005419282310846838
33,0.164172332770493,0.03137760528142607,16.0,0.5416666666666666,0.3011352717927894,0.010389535956668233,0.5048098355299784,0.02202542034615786,1.936888557345737,0.5625297091468021,-0.05086097528951031,0.004485394218125754,-0.000756296995613316,0.004544112035473446
34,0.17015453373159173,0.030810210134088918,20.0,0.55,0.3020730392094785,0.009921230409082434,0.5092679547324201,0.021541653668334704,1.8714830587180107,0.5593005434512749,-0.05141952924844287,0.0031892141538843533,0.0011444643553760144,0.002335309807395963
35,0.1652674958700178,0.0298692825762525,20.0,0.5333333333333333,0.2995659528353417,0.010182271597439157,0.5101753373891206,0.01998544177608878,1.8997664210273155,0.5141264931473368,-0.0531632315450244,0.003139710301625117,-0.0004476547158426694,0.0033596838986418467
36,0.16268681410880015,0.02507759175099839,12.0,0.38888888888888884,0.29752562084711265,0.010452345014791729,0.5107153178989113,0.01559587827662292,1.8882089899132952,0.42323412805625477,-0.0541436313403149,0.0026724942327706505,-0.002723842548827298,0.002459290123908035
37,0.15249924904313034,0.023379813135046612,4.0,0.6,0.2943846465820651,0.009141208412363738,0.5076626112171216,0.014897583587020976,1.9951924123474754,0.4479437966884397,-0.05549899703305624,0.0019438231478217274,-0.004164147070712468,0.001800900732917425
38,0.14480037977591123,0.025650936166172828,0.0,0.0,0.2965367783984979,0.009854774286865837,0.4996888545395727,0.018064784808463536,2.1355467455008377,0.5214989677155406,-0.054560308638546155,0.003233947452379474,-0.0043297870415779805,0.0016553267276341675
39,0.1347467744636395,0.024429386160027218,0.0,0.0,0.2968204008937144,0.009801656329519643,0.4945505333995315,0.01709216075806183,2.292733485750116,0.5238336668313766,-0.05511242969375513,0.0036103380003973755,-0.00467593604905733,0.0017618356022436766
40,0.12451923218440618,0.021524862920004748,0.0,0.0,0.28871689143161733,0.027258395476034623,0.4887964847543658,0.015283633053911174,2.387197336158552,0.4854942217774453,-0.05672446287754505,0.004742411761685333,-0.0039759651530119665,0.002063131902263621
41,0.12750278199111972,0.024695857444535438,0.0,0.0,0.28432717673396807,0.026153403221156446,0.4894635199191746,0.016125751307895304,2.3137316865013076,0.5080954659563157,-0.05667106690092215,0.004737049631921716,-0.005088654334346408,0.002667504367560687
42,0.13193845525937065,0.025877874218957073,0.0,0.0,0.28116784075080387,0.025289364999056048,0.4907164351636196,0.016699302967221167,2.217956846079372,0.5141750000537472,-0.05614616419706075,0.004687294345028295,-0.0062320506614115066,0.003031987900037415
43,0.13568890686261073,0.023390599406425815,0.0,0.0,0.2864948234329341,0.009792205737667432,0.49212234596382526,0.0158032181461192,2.1888325880631245,0.46997668967105855,-0.0543245457961327,0.003529600659014363,-0.00775244324985473,0.0021047939531589725
44,0.1328443856848359,0.02093266793040414,0.0,0.0,0.28854984232391284,0.00953618831549525,0.4908669637858628,0.014853939506904213,2.244506516370425,0.4833567072036844,-0.05384600871759979,0.0032901404733786895,-0.005764102571540365,0.0035023073721204873
45,0.12734647001273205,0.021431623687673904,0.0,0.0,0.29105094556372346,0.00919824055032895,0.48582323022951546,0.013888892321557156,2.369660756011989,0.5245652924664818,-0.052669511499504204,0.0031327467231363772,-0.004007869681550352,0.00301287919629694
46,0.12615649953964003,0.02087699579826167,0.0,0.0,0.29169604175082947,0.009176379265707479,0.4845696895867237,0.012772725935037914,2.391684980272179,0.5055433794404413,-0.0523790475684735,0.0024110041220707376,-0.0026482337671848983,0.0014364967224369985
47,0.12310643626383154,0.01781024229917575,0.0,0.0,0.2873512990712797,0.010109559961115186,0.48737136176876406,0.012356486623230658,2.3924547821317317,0.42405167657544607,-0.054168180961989644,0.002595625754384349,-0.0022708698237935317,0.0019149983729337885
48,0.12632504639038108,0.016685010301266838,0.0,0.0,0.283788884060215,0.009869147481282644,0.49278612864166776,0.012744166537604289,2.2943069671805083,0.3790951960549416,-0.055998342562880735,0.002312158157274714,-0.0007828737464215939,0.0022825250481979045
49,0.13330326955528432,0.01864406400313331,0.0,0.0,0.2815729895653457,0.009850940135275465,0.49833545098957266,0.012137553055491832,2.163399292459387,0.3866418818628595,-0.05694399972756699,0.002142274667228983,0.00034672647714613754,0.0016842152452525166
50,0.1305060250334065,0.02352251615081144,0.0,0.0,0.28075851483721054,0.009987979576994368,0.49650619152493397,0.015160885865001328,2.2413538363596146,0.5198592418863685,-0.05732420701740512,0.0020316768992108356,0.0010613610719640747,0.0013381091114603233
51,0.12894158188825802,0.022460075535947015,0.0,0.0,0.2844482229112379,0.011681532420327547,0.49465356012315176,0.01423614058713736,2.287337965856039,0.48438805239999433,-0.055500569451186345,0.0032691311929476984,0.0009053009168969056,0.0017218782555781808
52,0.1330548781695924,0.02621647458086569,0.0,0.0,0.2878900994156197,0.011708954133996757,0.4946182082463205,0.014553601860732318,2.2609734681817697,0.5170769626255693,-0.05356127691765621,0.0034041475135369544,0.0015900547595487384,0.001810450618043305
53,0.13591156554762604,0.024103457673717677,0.0,0.0,0.2904798821364747,0.010226834254413862,0.4943243799246846,0.015344817078603551,2.2187869235782864,0.48285024617827377,-0.05143956429221559,0.0028759578167629717,0.0015381508155001302,0.0030781102069502497
54,0.13374673966386688,0.025443754826465496,0.0,0.0,0.29043992264811247,0.009781071514766876,0.4911853121010519,0.0159123365004665,2.265543868206376,0.5190465528757381,-0.05013914039772413,0.0030121982495430596,0.0011930624437000853,0.0030269866978610647
55,0.12232054628985103,0.020131223234606768,0.0,0.0,0.2908606399663278,0.01006617840337013,0.4846176559551896,0.013983426708265271,2.4567105156988243,0.5004779131554126,-0.049381981574826726,0.0028831865800102072,0.00029346343957715776,0.002817917453437516
56,0.12891242344090306,0.02325395054055978,0.0,0.0,0.2930141194295446,0.009771743305383655,0.4867370280968825,0.01282175281903175,2.361301136090444,0.5229181585864884,-0.04881755660391512,0.001969877085807963,-0.0007963530181182529,0.00134390294821929
57,0.14233053674234294,0.03291872859926707,4.0,0.4,0.2935306894940399,0.009785569450771327,0.4907942483757323,0.015611249354183454,2.197623950493773,0.6353398603771931,-0.04904115332911407,0.0020125563831342288,-0.0002630751621391933,0.0019399733774786638
58,0.15190253896058784,0.02904392617212073,4.0,0.45,0.29285090374229095,0.009245843797087663,0.49676342159325765,0.014504588343406144,2.0216950260842803,0.5395865632021195,-0.04989125737092556,0.002335747716559292,0.0006458847555849172,0.002288982267652641
59,0.14747013704063786,0.028623167921594955,0.0,0.0,0.29121482668251447,0.009131903677297243,0.49575218914669145,0.014172928773801297,2.0623385605374986,0.4993580676057095,-0.05065760957077141,0.002294382472402326,0.0017705973113576157,0.001403660243144894
60,0.13450023633044775,0.022346591115691893,0.0,0.0,0.288494818484588,0.009498555631699322,0.4923398268534374,0.01446372259538704,2.217166305347355,0.4594845509628008,-0.052086897711786914,0.0021643794701881455,0.0018002969895799489,0.0009758337120426515
61,0.12790639116928643,0.019775602728868427,0.0,0.0,0.2874966021315095,0.009505692292842496,0.4891220696140884,0.013850426030250253,2.3202413176154515,0.4883821104357103,-0.05263232972265941,0.0024405895098922347,0.0018024304219417659,0.0011752583798605243
62,0.12540474434231821,0.019956325783244733,0.0,0.0,0.28805911204099377,0.009640514682458546,0.48758957639151923,0.014077600432514157,2.372108789321143,0.48980221087910203,-0.05198164002555935,0.003188327927457041,0.002106808088719801,0.0013198948658002783
63,0.1232160755616819,0.01760933314456578,0.0,0.0,0.28808138773816294,0.009760450015664411,0.4858170625304803,0.012543214117652909,2.400017626705752,0.4532164645080323,-0.051143606294774296,0.0030204913760152234,0.0028794125095009363,0.0018911456283171406
64,0.11632585351797811,0.015187697306612204,0.0,0.0,0.28983649161170444,0.010186913365162586,0.48193135009659294,0.010444842019365434,2.541001354364379,0.3931983584162294,-0.048848759728587286,0.0032775295470119457,0.002067534310950148,0.0026346571275101894
65,0.11278174015441236,0.01870660931609993,0.0,0.0,0.2915774919262203,0.010628558194558253,0.4789673664774672,0.011536838604582812,2.6637503387853707,0.5001458772057077,-0.04855332527723573,0.0030203159167941536,0.0015704363791478777,0.002606134028469876
66,0.11340900479473273,0.02211232670778923,0.0,0.0,0.2929573491994164,0.018422213042849578,0.47879661908340054,0.013086594347417277,2.6912764053324745,0.612285478523874,-0.04853212071168749,0.003869357162703396,0.000686703543696125,0.0019475004807248337
67,0.11088245824936542,0.023297444711048363,0.0,0.0,0.2892281415585938,0.02141169461503323,0.4774824731618851,0.01393930551486059,2.7311189432191747,0.6547985605156683,-0.050761888892286305,0.003773155006992194,0.0013380928544534261,0.0015082793373784517
68,0.10857824908010413,0.01930738560570852,0.0,0.0,0.28880500180201407,0.021074524630882788,0.47871155629590184,0.012754598111970444,2.7487793828282814,0.568552192615879,-0.05193060659699965,0.0033810254098983286,0.0016216874081227163,0.0014831761043216955
69,0.1020862193359914,0.01121210644067424,0.0,0.0,0.28844315475872323,0.014202226557330954,0.47752885231175923,0.01013626449969894,2.8624806077407112,0.37028717831439123,-0.05217878385757402,0.002019671717325808,0.0020947694198952325,0.0012545110153520955
70,0.10151574343533756,0.011187334763523174,0.0,0.0,0.29193722525961757,0.009618781941699437,0.47822571777077494,0.00978537895974679,2.913701666668654,0.3663054824504918,-0.05176857076999209,0.001675885147213299,0.002118590979112476,0.001288783821058566
71,0.09825608727344148,0.013011741455800724,0.0,0.0,0.29257031663152283,0.010472221774281741,0.47588289849875903,0.011368607993483035,3.039723570661216,0.5000111773995704,-0.05239900764284858,0.0028255857876834153,0.0018181397186384906,0.001524968727387559
72,0.10067505424345206,0.015520228902705652,0.0,0.0,0.29456854105784813,0.010050674765041177,0.47748720865599303,0.012789083514693758,3.0062162030568866,0.5514197793461599,-0.053369326738433656,0.0034348923676592253,0.0010138357265127786,0.0017581268479338937
73,0.1030801514412103,0.018263114835139746,0.0,0.0,0.3343366268966131,0.10978936248740133,0.4761783270478914,0.01696327599142357,3.393526802262016,1.5065359241559158,-0.05215023364975216,0.005370882287226976,0.0017885609592000371,0.0024855046365987246
74,0.10935799180076562,0.020220962800005737,0.0,0.0,0.3323261989196504,0.11541429186792225,0.4772165237121927,0.017461357073372666,3.2200217812230316,1.5958748883836098,-0.05267177117884982,0.006018657719217117,0.0032749222053421517,0.002972422915529226
75,0.11509547953299609,0.020690581035665,0.0,0.0,0.33670792698303953,0.11454280156158704,0.4795373836860255,0.01790949598647765,3.1168446279529403,1.6169827171377342,-0.05283186152473915,0.005790885449154641,0.004241600227024774,0.0019856817265047084
76,0.11408955344975028,0.020825512199655567,0.0,0.0,0.30082811253942093,0.03812629310680132,0.4814616931013271,0.01503871103206091,2.7400957063259312,0.6871844963742861,-0.053476755271355265,0.0047193405958188,0.002887230635517141,0.003403568402877237
77,0.11118475267137483,0.01859915939886784,0.0,0.0,0.3031097981029105,0.017605043885146235,0.48377419875330974,0.0131051767393038,2.8039582383222355,0.5062050681279286,-0.052645608534415515,0.0036405205252398342,0.0008286774241261883,0.0030488161646376366
78,0.10625544487381255,0.01603978556651396,0.0,0.0,0.3017604337232429,0.014521777764912192,0.48242832190390506,0.01258953854010576,2.9063869505732702,0.4767495753682675,-0.0509640588300923,0.003519048030916605,-0.000580930324892193,0.002739241267586739
79,0.10896744376006114,0.014557978608473127,0.0,0.0,0.3013699423922198,0.010487702994158141,0.4844533837481614,0.011200359749556183,2.8221192898565155,0.4439866926984697,-0.05082630593329663,0.0029959913835517268,0.0004683917222751456,0.002594358086591991
80,0.11066460475616224,0.01242785968716413,0.0,0.0,0.30318551558519796,0.00951163017348932,0.48593919647794437,0.010102669190294077,2.7789328593907134,0.36860240155777757,-0.049498828156954666,0.002063829307858101,0.0015813439960280797,0.002371730519765762
81,0.11111711635259275,0.010819364713239394,0.0,0.0,0.30337504121161296,0.00934502162535466,0.48663947662761947,0.009795335658701068,2.7593196948641303,0.31773547606347396,-0.049463930047220606,0.0017414460130107398,0.00285899502121735,0.001013966372834341
82,0.11150044213229335,0.010212370766586645,0.0,0.0,0.3041928498909118,0.009144741607686998,0.48741534246124557,0.00911503414436945,2.7513595671965234,0.27101268044044824,-0.049447952260573656,0.001495649430750299,0.0025642250395482946,0.0008636298191007922
83,0.12030636199721985,0.015723894690607573,0.0,0.0,0.30459260001862826,0.009044725269335118,0.4928962854054987,0.012293180348290356,2.5756487145580356,0.3510657365816769,-0.049997867900464225,0.001787756980849954,0.0035008144461445845,0.0018111061285985902
84,0.1257292053702621,0.020884449790527924,0.0,0.0,0.30457502958919086,0.009136661003047974,0.4958724980999412,0.01641212717063618,2.502461344637709,0.5070102853541792,-0.050932609772102656,0.002193091319985564,0.004798381891515471,0.0023893970346764806
85,0.1312001593532331,0.02098498882754716,0.0,0.0,0.30464762524547623,0.009056468271129985,0.49958899400015633,0.01682065354480915,2.403454880989117,0.5337409864530445,-0.051817584000527814,0.0020501040511045655,0.006079964505301532,0.0018321587742729977
86,0.12534471493919627,0.023406707807162693,0.0,0.0,0.3073422634264131,0.011440455824547486,0.4939220158560104,0.02008004668012885,2.5614696479226464,0.6095094053635819,-0.05061899129715226,0.004621837410548275,0.004079300218986105,0.005983879523057179
87,0.12007004853143889,0.020715206226702657,0.0,0.0,0.31098587985706666,0.012037275009661225,0.4879203156068792,0.018426408631753193,2.6794684496678958,0.5364629333547665,-0.048732384143190206,0.004655775177481648,-0.0011063058094845889,0.007927073320847338
88,0.11270520498694342,0.0171997875308757,0.0,0.0,0.31392273498239004,0.011746266956133402,0.4805791122452141,0.015476846043524941,2.8522145396486422,0.4579626016855794,-0.047309747189283324,0.004003189085081306,-0.006026950412326358,0.006116780883232219
89,0.11075023909882904,0.012611131014581254,0.0,0.0,0.31322728470137345,0.010123754461385671,0.47977231546974963,0.010726293889081823,2.865247920928214,0.3460180779539901,-0.047466701105650884,0.0019256369998540534,-0.008231480854252925,0.0012639333890855802
90,0.11516735585999031,0.01428265049924407,0.0,0.0,0.30970188529214954,0.011501886222195707,0.48480567330829266,0.012314153850805797,2.733958372491476,0.38037624839171946,-0.04947157823584141,0.0034449659136793834,-0.005848021755615836,0.0035494432847269293
91,0.12046233805412217,0.014159292124672856,0.0,0.0,0.3051580284498247,0.014111441843113588,0.4922398382963355,0.01222713641226645,2.57229124415839,0.35611098963999643,-0.05109756246002179,0.004373004558081023,-0.002730793530742312,0.0042024242618148135
92,0.12521806582320275,0.013550318863551411,0.0,0.0,0.30481624496130816,0.014304399243622631,0.49811200458109656,0.011046855549870645,2.467294154361115,0.3319704451802888,-0.05159143878560923,0.004017037173710901,0.0020709892155395425,0.004430110668987594
93,0.1211037821908275,0.014189245251884251,0.0,0.0,0.309542212875262,0.016306647154046488,0.49703072264227477,0.012110815149299585,2.603145656667325,0.43097131389708376,-0.049746768234504544,0.0042613914231473295,0.004718457518352367,0.003320182632029011
94,0.11301775378784464,0.017343057662022644,0.0,0.0,0.3422228608714459,0.0637363645501829,0.48871727734204357,0.016410276349774225,3.147750366110604,0.9949535289168531,-0.04818149283942244,0.003497066124724397,0.00546059904413086,0.0026295895026195878
95,0.10779853170473648,0.014953873861827715,0.0,0.0,0.34264840609301156,0.06381150896062578,0.4829586685911639,0.014376969172155807,3.2731815663260093,0.9378652947923993,-0.046636755379537695,0.004089709563065124,0.001137647069990618,0.005776923284147911
96,0.10782991361949607,0.015047439384662097,0.0,0.0,0.3399657146181387,0.06451685675117749,0.48193940901189697,0.013274294758673685,3.2464682077531566,0.9390291517035448,-0.045562900515894046,0.0039294780976258095,-0.002996572107076629,0.005016667232094581
97,0.11616870603529876,0.016583193586443952,0.0,0.0,0.31139003738672555,0.011325965658301946,0.4888885546306079,0.012768721763292164,2.7422384625263656,0.4554064236562785,-0.044168752734031896,0.0024572381262384572,-0.005956096847852026,0.0020307632398544155
98,0.12144527636095968,0.016267719690753094,0.0,0.0,0.3140411355802203,0.00959546469237944,0.4941518034668293,0.011993166768209598,2.639979168631744,0.4215575250702302,-0.044152557079990655,0.0018274763551504056,-0.005168681318561185,0.0015189118820323453
99,0.1266042265212223,0.013608798635928456,0.0,0.0,0.31564624001464187,0.009988600814899109,0.499262869934511,0.010038445916372483,2.5272761935806516,0.33472180677409386,-0.04460062648687093,0.0016865798277767784,-0.004062024007240881,0.0014985994536888354
100,0.12487693196114362,0.011438703010354781,0.0,0.0,0.3165423797935537,0.009905562310227828,0.49977162138057313,0.009149801617370532,2.5608905461933165,0.3048685332495094,-0.045395524255517405,0.0018843379426598534,-0.0019864624366163846,0.0025671372921022796
101,0.12250489842408387,0.012372524905954686,0.0,0.0,0.31483123196128315,0.01046854703224298,0.4990393049199458,0.010180766331761446,2.6023818437639954,0.3428225178792689,-0.046244948645018824,0.0018900763169857435,-0.0007425327516264186,0.002629802964987808
102,0.124290048576539,0.014553470811690863,0.0,0.0,0.31566210508846465,0.010288268601374724,0.4992933971115485,0.011327206129593426,2.5819323662647506,0.38340148703835397,-0.047099468393458216,0.0019118961551488178,-0.0007754814459217727,0.002652440427148656
103,0.12803869042605232,0.016514788055505585,0.0,0.0,0.3140103101249749,0.010705327458908363,0.5010646864126759,0.012611164601541052,2.5041461206895574,0.4209326746017241,-0.048044644875658835,0.0020363315211076633,-0.0019225191242164686,0.0020950631675226714
104,0.12384070237862907,0.022129817407236876,0.0,0.0,0.38614925531736194,0.14581561715590818,0.4935059201877858,0.02397630547655447,3.4619398704843096,2.322542974160116,-0.046322776276825156,0.005525057585324669,-0.0024057630863454182,0.001618256309300008
105,0.11489437879773921,0.02178320415348155,0.0,0.0,0.3805367827096149,0.15194466769274964,0.4853995557349601,0.02487350399604656,3.6142203175140533,2.290807841512459,-0.046790847758659014,0.007102596527838984,-0.0027398417765895113,0.0018554863894402716
106,0.1115270389934843,0.017673352399608086,0.0,0.0,0.3833900579242227,0.1506699118017065,0.48183634220353094,0.021657474771034115,3.6891015121528303,2.2420506086171343,-0.046269975874779906,0.006919345716766463,-0.003644392043352086,0.0023410311950621573
107,0.11653551070998644,0.013570887405849266,0.0,0.0,0.3138669975234152,0.03423888931815034,0.4888527816201395,0.01426609563556599,2.729185645058281,0.4702720992145286,-0.047672588605847575,0.004749480583006326,-0.00429230596456258,0.0017557564018236323
108,0.1207976949368506,0.01166831965920436,0.0,0.0,0.32181393544736353,0.010203492354465209,0.49271201070986803,0.008845584935574514,2.692587394068086,0.3135278991721562,-0.04702114998052513,0.0017661281473435192,-0.002473720084461877,0.003295451003490705
109,0.12559296727040614,0.014996309409684168,0.0,0.0,0.32553208967195285,0.010757416074386149,0.4935623153761435,0.010691784916791201,2.631505691175304,0.35384022964145584,-0.046306376813186494,0.002839789017405125,-0.0004181274854474604,0.0027827844271277975
110,0.12809262826220555,0.016808706093376938,0.0,0.0,0.3264887559153004,0.010262378297471479,0.49410844294940803,0.012173617774049583,2.5995114713418523,0.4052366384245006,-0.046090790546602624,0.0029302543734305918,-0.0005388635396957396,0.002809808404690573
111,0.12650587106679875,0.019772134900745326,0.0,0.0,0.33071751921396564,0.019578072933773144,0.4928272780616246,0.014996677353045407,2.7012917525501594,0.6029799339817221,-0.04569309956290651,0.003012736939252285,-0.0018835477158426989,0.002459455661156148
112,0.114002866836025,0.023613708947777725,0.0,0.0,0.40988168028934285,0.1693398073553961,0.48215670615819084,0.02283041601290721,4.023899044125224,2.71347508039382,-0.042878639535047065,0.007411463692866387,-0.00286941884292493,0.002601448548755643
113,0.12398399893325152,0.034511329071768224,0.0,0.0,0.4131652831668664,0.16771690412108034,0.48350343053770073,0.02431522005898941,3.8974758693495772,2.792458543133649,-0.041946599649575804,0.007179015339634252,-0.00273734905239605,0.0025333817794635544
114,0.1380720536178336,0.03874327792031792,0.0,0.0,0.4133020346716876,0.16689927553552306,0.48822061815061696,0.02667114726834887,3.6326934477148085,2.885103447214625,-0.040941074776670125,0.0066347049831060175,-0.0029834448215033896,0.0024686725714359427
115,0.1599471459557079,0.02834146955746417,8.0,0.9416666666666667,0.33819357316588883,0.010761668054656363,0.5031905408174329,0.018262158616013,2.216904279708274,0.6164926587552657,-0.04348153067752714,0.0018115380540042487,-0.0032159865068064303,0.000844560714791053
116,0.14524515282643952,0.03498383983539612,8.0,0.6833333333333333,0.33339812889308446,0.016341811058551575,0.4949552157410982,0.022849694671460186,2.458344223321501,0.7285008492031942,-0.04474074462635645,0.003203284513245706,-0.005043499871260539,0.002908317032779631
117,0.12584393540742306,0.03554243172878475,0.0,0.0,0.3247100662866351,0.018014286064598328,0.48385356706062244,0.022855444474040754,2.7728016273002196,0.735678773968386,-0.04492475080821245,0.003464896818243858,-0.007962694747580372,0.003996545476475142
118,0.11272700157772915,0.020888067603622613,0.0,0.0,0.3142266196292085,0.012431839550876962,0.4740972914859547,0.014114890267354869,2.888675134460856,0.5740530670089807,-0.04698125814191165,0.004703090507013948,-0.010407354430191995,0.0022780438252867933
119,0.11837629827945179,0.02095318071187499,0.0,0.0,0.31416147993519894,0.01028015475503216,0.4776909047962315,0.013740544266099384,2.7421911621241724,0.5195139148168649,-0.04818782115148169,0.004478492117664255,-0.010179131954080479,0.0022198718754519006
120,0.12956479012457797,0.0182146910756707,0.0,0.0,0.3188275000627165,0.01138422320271884,0.48453554598844545,0.013169592346368277,2.513793216522848,0.4000876041279132,-0.048313014937771646,0.004161885071755358,-0.0087956297025084,0.0018957619997560242
121,0.12887695519602035,0.018807013874332586,0.0,0.0,0.3306490905936054,0.029717476477980845,0.48701485918040616,0.013122076895227847,2.6279766928836983,0.49422579803467576,-0.04748932319796743,0.003521382727922945,-0.007873201279176557,0.0014797400060081354
122,0.11844808657794843,0.024823756575051616,0.0,0.0,0.43781675642050155,0.2007080316634657,0.47907786241368194,0.02161183270697172,4.258933151267264,3.3284441027605935,-0.043995799238327846,0.008672271185839806,-0.007788568677173672,0.004019490339190866
123,0.12360759733439301,0.03274876126946555,0.0,0.0,0.4361965564198274,0.20200293444782602,0.48048966541262056,0.024127633174608008,4.183756689092825,3.3779173051807923,-0.04410214863743421,0.008811236245592545,-0.007355101588699504,0.004062904419156196
124,0.13938744030031686,0.0389188005915422,0.0,0.0,0.43144896534853966,0.2025977481453303,0.4883276390638186,0.027452303360074645,3.8828948386316187,3.508382859651002,-0.04229097035221958,0.00825384261647842,-0.0058052741156683525,0.0044393178325969965
125,0.15791025674508877,0.03547491859045058,20.0,0.7266666666666666,0.32802153921075095,0.015956295286761762,0.5012637259462805,0.02259730265950261,2.233637476406854,0.7471571864432135,-0.04435480271569552,0.002754536312903959,-0.004080085853735554,0.0022638741635627726
126,0.1578480457515984,0.03599170088599904,16.0,0.49583333333333335,0.33087294755310104,0.008774133274790267,0.5047814714308834,0.022500558256696824,2.266511429614696,0.7815409967329437,-0.04474811867086419,0.00228453150127455,-0.0022963935881852612,0.0012867513810224636
127,0.15657259096029938,0.036054958417550374,24.0,0.513888888888889,0.3290757785138737,0.009146661220930292,0.5049514758065325,0.022952558234170712,2.275646894021141,0.7916303543271888,-0.045971421719425205,0.001931452454787919,-0.0019961481706963183,0.0012429657182403664
128,0.15893844560063555,0.02607334236346323,8.0,0.6416666666666666,0.3297951005756701,0.009474228549066994,0.5056787479358619,0.01640297861006661,2.159030051602061,0.5352561675643983,-0.046305857828507775,0.0016480859454033187,-0.002668196782469704,0.0018920879935784226
129,0.16670805149501045,0.021822135491635267,8.0,0.3916666666666667,0.33084442911274997,0.009588270264006925,0.5076296267013465,0.01392543318754975,2.0397685473608487,0.44774774519716914,-0.0467066451389756,0.0015010906367814599,-0.0034320802821052932,0.0016233671154856062
130,0.1672445045132456,0.024075343495360488,8.0,0.5166666666666667,0.3329311034187286,0.008606949550168368,0.5060030673041703,0.014548946294987831,2.060108374456091,0.5088068558711978,-0.046579008077581675,0.0016453100223296835,-0.0040569567638966296,0.0011854754799243332
131,0.16188696608728093,0.03233092737748934,8.0,0.575,0.3358276433644446,0.010436367461322866,0.50306223473936,0.0190414474963887,2.2055763924376706,0.6810027410794286,-0.045323377927351284,0.003105110264896133,-0.003678134510086593,0.0010681569312945387
132,0.14117190351570397,0.037131134482905934,0.0,0.0,0.3883112330333297,0.11998158954503654,0.4894591777798816,0.025364445787150195,3.1112547412120604,1.759958976966493,-0.042434320460435784,0.006669197024234331,-0.0034047318332724634,0.0018850522837042076
133,0.1302077462153505,0.02925051642603746,0.0,0.0,0.3885596343744438,0.1202882989976246,0.478150505982367,0.022520493435800235,3.251544754991837,1.6589736993749546,-0.03965476228984896,0.006321699459574705,-0.004342672121193628,0.0027520534663417985
134,0.11952951539382863,0.022319240227177014,0.0,0.0,0.38815731299785156,0.12036337680897623,0.4674165127542416,0.016843801823229424,3.4593970823381652,1.5954155539836399,-0.037892121832248604,0.00573090631820839,-0.0048448962345718875,0.0026793843474977523
135,0.13071126114178497,0.02392590578435466,0.0,0.0,0.3375753278337664,0.013564560152441205,0.47129948269799116,0.015284169146700359,2.6936278681840538,0.6414108322822698,-0.03724597139801411,0.0026264559784697585,-0.004909261672033155,0.0021467529013462967
136,0.1389743169866018,0.0299020416320439,0.0,0.0,0.3388671121284617,0.009358197569270185,0.4775393989867984,0.018568069957247427,2.5909234246716855,0.7388853818884269,-0.036798494708620795,0.0023542414043794375,-0.003556211752196103,0.0013983475344904435
137,0.14772637732494603,0.026321760040316892,0.0,0.0,0.3493146510899017,0.0360005582868341,0.4832330839431499,0.016320191525821655,2.486275658125177,0.7650409776048902,-0.03664839282528389,0.002225065362628239,-0.002759673760996875,0.0008796011242280798
138,0.1469832760680041,0.028378953530664146,0.0,0.0,0.3654373676286079,0.04789135570482216,0.48322767304839176,0.017424142266124182,2.6414683660947254,0.8970777129143557,-0.037868157006386204,0.0047789363664309786,-0.0027739127642578063,0.0012054900965361081
139,0.134182545172569,0.028902920298565667,0.0,0.0,0.3639698686682232,0.049962535005882894,0.4772078690651651,0.01697327812706281,2.8747822188667724,0.8844153599968606,-0.03940114092392221,0.00514130795447738,-0.004081134734054358,0.0021831579101677704
140,0.13228556028406843,0.026787249718541233,0.0,0.0,0.3491330896645432,0.042819563679144634,0.47926569402209335,0.01779213701699724,2.7749260944778946,0.7785290268731666,-0.03935546411511794,0.0050722384604546394,-0.003947993715604098,0.0023347273186718246
141,0.13351521322162443,0.023451696668537032,0.0,0.0,0.3320809318868191,0.019359477587446557,0.4782357079711569,0.01512516899572633,2.5919885238039995,0.6307877318243387,-0.037684211028325844,0.0038007609505063965,-0.004115027859806966,0.0021602419305681237
142,0.13698524109640406,0.01988921735187615,0.0,0.0,0.3680988171057136,0.05952646320866049,0.4829316003591387,0.014682166133620056,2.7730718649168717,0.7364105299414971,-0.03821573160485256,0.004079598176663532,-0.00269237087832553,0.0018389171942816026
143,0.12587191999938213,0.02405918029356016,0.0,0.0,0.5321660746254093,0.2463069713844566,0.4612978772586678,0.033693738850476725,4.696813801983366,3.065426333595737,-0.030788743648575048,0.01454466824859827,-0.0033263850708802225,0.0029130021221899153
144,0.13394759300087283,0.03614965743026183,0.0,0.0,0.5226570628245715,0.2542657429710984,0.46515463217481146,0.037145110131426386,4.543862570301165,3.189539853824588,-0.0334051430582384,0.015719845912232543,-0.004345946440266207,0.003505805078559894
145,0.14602369927302872,0.04070944042100519,4.0,0.43333333333333335,0.48464297478075585,0.2703913499470061,0.46811695655974267,0.03910201838002367,4.076265278293008,3.406559073297663,-0.03312573860761653,0.015522359228266868,-0.005937666152086482,0.003034002294719148
146,0.16669644599581412,0.0340875275996672,8.0,0.775,0.32350588867623437,0.019176637787281,0.4923370301667197,0.020460734701777134,2.0685164477783533,0.6747831514590706,-0.04160495478452903,0.0024441051407385504,-0.006784363496634646,0.0014899478868069976
147,0.16677690439736392,0.032388300846461215,12.0,1.3944444444444446,0.3344641175619939,0.010653290084977162,0.4954957593697006,0.019676859512881405,2.1412805521914966,0.7302927703263641,-0.04066876354523826,0.001962150007238548,-0.00638960702965652,0.0011406582330787647
148,0.16613403962329337,0.032088342311709664,12.0,0.7444444444444445,0.33843787092193517,0.011364714514285404,0.4961953721446111,0.019428744552538457,2.1742551349372543,0.7387070644724377,-0.039955022604101186,0.0018835243013239178,-0.005820163807107294,0.0010632688461131201
149,0.16061772410530847,0.027155355027942512,8.0,0.5416666666666666,0.37021074633807055,0.050769409871039985,0.49619139445242216,0.014475581955167457,2.4252051297282713,0.7727614338239792,-0.04109331407480765,0.002600248424798329,-0.004815414374073299,0.0012727161974433968
150,0.1561374626007806,0.022007642512637666,8.0,1.6666666666666667,0.40933597169474356,0.0657439912556009,0.4964011371594594,0.011730676543984995,2.711024692768813,0.7368722845166139,-0.04217593621048658,0.003256214464897969,-0.0024869626263777185,0.0033508368396168923
151,0.14513129992134438,0.027486922385353645,8.0,1.6666666666666665,0.4665514665666794,0.1537163799556861,0.4883094076361874,0.023600512345554284,3.5645253943913833,2.2061454852325166,-0.04204522707085638,0.008196182637289958,-0.0010997348320152898,0.0031616783487160237
152,0.14718908148271684,0.031029469803121313,8.0,2.158333333333333,0.4309271933779904,0.16762522533843693,0.48893680666669687,0.025323212746703013,3.3130574801049484,2.30240250462764,-0.04238624983881078,0.008396868126829875,-0.0010335943268404931,0.00313851010458266
153,0.14978076545444438,0.03357546518525814,8.0,0.75,0.3852165940037008,0.1697475075717689,0.4913077690095468,0.027224527234150152,2.989866066286683,2.3801484687890704,-0.042704808764780514,0.008195797066585974,-0.0032320306201775485,0.002582719096106643
154,0.15877888309886687,0.03644737225600471,20.0,0.6033333333333333,0.32221275178179326,0.010205226800217713,0.5013105373528278,0.023351549424027875,2.2010158513100575,0.7825607682130346,-0.04411788401711313,0.00237348076134256,-0.004183830614719078,0.0012911339851534587
155,0.15672100550498383,0.035954419813633905,12.0,0.4666666666666666,0.3215936357191275,0.010339288858290193,0.5020433782138507,0.023529452781802858,2.2210163035211736,0.7723377231687348,-0.043169828299432944,0.002126120066722594,-0.004492607423000818,0.0010083930509427093
156,0.14974429926814176,0.03880912562412292,16.0,0.6958333333333333,0.32361952460609134,0.011075055978832484,0.4962307609005794,0.026539547181200693,2.3778934679334434,0.8710878660843671,-0.0416152414389782,0.0029924063022188706,-0.004119463422232161,0.0017446797646332084
157,0.1452754772460979,0.028533006381345014,4.0,0.3,0.3249775317513339,0.011398521559435638,0.49264622610732617,0.02023091460244077,2.3648386658481186,0.6753581327748974,-0.039822398668361986,0.0029675210893777104,-0.0023727782525949826,0.0030924966404017474
158,0.14415890855378025,0.026429148569547006,4.0,0.36666666666666664,0.32368436618473667,0.01182658418536379,0.49054901237160986,0.018603546856712887,2.3535363859969354,0.6157668847709629,-0.03969527273956268,0.0028333262968808504,-0.0012203600050674438,0.0028209991880908387
159,0.14603720048451685,0.02354028609302834,0.0,0.0,0.3194458296199673,0.011667529853778152,0.49323525849260036,0.015832441232331223,2.263315524275995,0.4900488493725517,-0.04064088961109514,0.002718476563405109,-0.0002804621102081289,0.001662006494027669
160,0.14777202597044847,0.024512347942710903,0.0,0.0,0.31662142094101414,0.010281954598271767,0.4945291622194055,0.015806362700261773,2.2248809425423266,0.5143860065342022,-0.04164909487590189,0.001971206182280391,-0.00034315178377759673,0.0014435691457796388
161,0.14302236998338647,0.028004147189968694,4.0,0.4,0.3187978340944162,0.018660740318642444,0.4898576497233292,0.01960473715712732,2.3416633708612533,0.6127500249198836,-0.041015502907749635,0.003211282114011403,0.0005399076681997938,0.001790575395332665
162,0.1370204824477526,0.028156271740079508,0.0,0.0,0.35223689256742047,0.05471829315115087,0.4851563398520792,0.01828117283344403,2.7368368978190114,0.9758559748644773,-0.041055315737095095,0.0032321060886211397,0.0023906929045915217,0.002172232662587107
163,0.1255057519996238,0.029609099027205318,0.0,0.0,0.4535739650093541,0.2055882107109611,0.4725767356301257,0.024687598207845142,4.086218000646881,2.7602609601514785,-0.03851844578599811,0.009079633438414253,0.0017170371363560053,0.003741796670788014
164,0.12989810996407372,0.03133009234907187,0.0,0.0,0.44321495225695806,0.21256836111772096,0.4746322865821057,0.024720614199121718,3.932797729340961,2.843601274289647,-0.04035615150745591,0.009544414947873728,0.00033971574571397173,0.0041776848633558435
165,0.13074739874462638,0.03125986155226075,0.0,0.0,0.41135957204951323,0.21983592687128897,0.4716848996340498,0.02453408492604659,3.6398338881941545,2.869566953015024,-0.03963237090896448,0.009427340704365683,-0.001961182397272823,0.0028832326561506892
166,0.1382946274072409,0.027141107852943602,0.0,0.0,0.3121867069862865,0.023124719951943866,0.4793135898571085,0.016914991281602374,2.3682184710583605,0.5986039350472224,-0.0420957764714128,0.003317816619760533,-0.0021344749960633988,0.001271146720207176
167,0.13401616314338677,0.024475315872183576,0.0,0.0,0.3225107959676334,0.010212300945527629,0.47795733575512667,0.015099701759713018,2.505199869500096,0.5612823636803189,-0.040546529284781835,0.0018288484621590542,-0.0013713117647501838,0.0016024747071867833
168,0.1361300784300766,0.023185184712804386,0.0,0.0,0.3259598645291516,0.012170566214405213,0.48230134978524725,0.013949280450357104,2.479302456672293,0.5237639106405205,-0.0408427378452486,0.0018834911234448224,-0.00017989551855457088,0.0019389896667955158
169,0.1294875481632875,0.02818073383317803,4.0,0.3,0.3550319415874592,0.04702630567811236,0.47802060442227784,0.02001524215131895,2.9161654221401023,0.9813710413205406,-0.041228563123796504,0.00795931815755872,-0.0003658063585559453,0.0026870974067467654
170,0.13460291907090585,0.03293134299703081,8.0,0.25,0.41275412805864187,0.08389357541843465,0.4760316355754807,0.020471944528848804,3.2935565451913047,1.2550723465155706,-0.04377646079545629,0.009055326693595246,-0.0004039509470264025,0.0029059273030584976
171,0.1229044345378428,0.04205079388917813,0.0,0.0,0.5487702953293115,0.26682534549480674,0.45108494815475525,0.05142631347300477,5.78542534951503,5.407289818896169,-0.035116632786351416,0.022946727236927072,-0.002645415638883881,0.0037610039692122462
172,0.13725316569291032,0.047545144845388194,12.0,1.05,0.5142639969403251,0.28739894725834364,0.4639928242066853,0.05858493831324869,5.2377952244476695,5.641762041582614,-0.0358767150509892,0.02189957720187583,-0.003544177884856828,0.0034788015702146044
173,0.14191354399044573,0.04692190133916794,8.0,0.7416666666666666,0.45507863063976484,0.29979295242230725,0.4729763073632186,0.06171004393757725,4.692688639723368,5.786422832670246,-0.03347926548390303,0.020566091656341084,-0.00435605719271629,0.002677781292668121
174,0.1519070016066088,0.034096651396676426,8.0,0.7416666666666666,0.3236397147742465,0.026788764434131213,0.4967966688903456,0.02291744199079011,2.2786264378874495,0.7149147414278698,-0.04315416886160766,0.003648522256728256,-0.0038354096603062044,0.00293872442007895
175,0.1453256231008907,0.024232812078748334,0.0,0.0,0.32350306603204604,0.02732009062805143,0.4896843967217986,0.01682024740708078,2.308026164933141,0.5687947782661287,-0.04289801067362224,0.003694837828209009,-0.004459839007920651,0.0033588093210885238
176,0.144197739612162,0.02218378240071317,0.0,0.0,0.32316039158962756,0.027790653932245623,0.4908230020827709,0.015850251797528043,2.3159855728960403,0.5616823136270975,-0.04393970778418907,0.0034662525957603585,-0.003563000228669884,0.0040786122951982084
177,0.15263087553705182,0.019489993499250853,0.0,0.0,0.31565346521579213,0.01413697942794504,0.49805503061435513,0.015419660922263616,2.1087853329221615,0.3553401745713065,-0.04353209599438636,0.0022291281020835733,-0.0025380206108092987,0.003443501087468215
178,0.16038276987969713,0.019345279299608904,0.0,0.0,0.32054298769673234,0.011812477696016073,0.5059869652881468,0.012259247113687545,2.041700355583305,0.3800382371267641,-0.04323764763358562,0.001989753688950215,-0.0001329080884655242,0.0017181282594695417
179,0.1584543068996122,0.02113848935288368,0.0,0.0,0.3257101280535022,0.013086915164337107,0.5030890728897023,0.014160951362184928,2.1112750179641617,0.438655576726314,-0.042646958730700894,0.0016208559571727964,-0.0005310518501533187,0.0012983547961571483
180,0.15812152121461623,0.02185208644881936,0.0,0.0,0.3475944032348461,0.03589721900998171,0.5029113423860935,0.014050458968562189,2.262148094109787,0.5355669884501958,-0.043163942148288045,0.0021353167837467662,-0.0006162999984290657,0.0014386943489247406
181,0.14931544490389656,0.02476090948420742,0.0,0.0,0.38312266929373223,0.06660009270656979,0.4985320774936314,0.015623511164319405,2.6786147245363443,0.8566208709000356,-0.04450693323794334,0.0035160268434756693,0.00027304033852287683,0.0031200057101882263
182,0.14829703126533858,0.023917753290586128,4.0,0.8166666666666667,0.37297079745992623,0.07530963756919458,0.500378300610576,0.01499630621414556,2.61713864035508,0.8682261864855264,-0.04590092447068951,0.0032746626258871496,0.00154982303165726,0.0030956250162503317
183,0.14288264684957455,0.02238859757131444,0.0,0.0,0.34985435704708406,0.07573317488861125,0.4970869507795323,0.01457910990865018,2.5446593002680395,0.8558025360037153,-0.04505593066621153,0.003753126908470297,0.002584998781482342,0.002411968654097536
184,0.13862221394911434,0.022832199084746495,0.0,0.0,0.31493118030536416,0.015514783470753264,0.4946759924828206,0.014145151145723409,2.3532835091888753,0.5149257035644302,-0.04349985381795295,0.0028960800830112824,0.0019023887854482978,0.0013029119508458362
185,0.13835389945515325,0.02448253784434947,0.0,0.0,0.3399517930744829,0.04829501111985414,0.49446438215744454,0.014805559463772938,2.5734145642456334,0.7897945342143469,-0.04301069318420352,0.002630685496917174,0.0027093987953331323,0.0024699505836439928
186,0.12613254670647225,0.030460341802743925,0.0,0.0,0.45945602144758696,0.20987592799488639,0.4827220471216562,0.030712582483640914,4.204465037476881,3.128689754238543,-0.04053673117558189,0.01192009750275027,0.003400574694904981,0.0041400406574602765
187,0.1290880589653871,0.038768437736077646,4.0,6.733333333333333,0.5343167503431625,0.2959765347520649,0.47366319201818113,0.054424180848919486,5.403500558987065,5.09337763619741,-0.03549166128699448,0.022596223606277093,0.0019069539838366728,0.006992239982414055
188,0.12940734311563123,0.036989150607907556,4.0,5.683333333333334,0.5146893487259178,0.3051019695123643,0.4757411789000293,0.05521675241532993,5.213248093813042,5.1612900392797005,-0.03627016088033186,0.022919947108093044,0.001064287316467997,0.006593590730693639
189,0.1476916448065789,0.03130083784762877,0.0,0.0,0.40242813615392503,0.25208655487558096,0.49464834610554614,0.05174650236809076,3.5288743523292188,4.566654541195037,-0.04009384488899939,0.020564351115043795,0.0007679461936155568,0.005522740498664403
190,0.15448916460154913,0.020774528981866568,0.0,0.0,0.3311898224923989,0.015985359130467527,0.5118858956118123,0.014335120382051338,2.1965401716825994,0.4259036622580531,-0.046347037949081876,0.0018860232698128872,0.0022218569243947256,0.0015790993879886872
191,0.15601228920349774,0.02377489890638594,4.0,2.566666666666667,0.32735745448350245,0.023371491996124913,0.5093636535304966,0.017572033246729086,2.1726532641777476,0.5264669145846858,-0.045161815579566646,0.002696352136990404,0.0006998979383044647,0.0024030661054404464
192,0.16337529368610695,0.02850921255750824,4.0,0.3333333333333333,0.31771693529319744,0.022979814430678265,0.5115689768272742,0.019786010961853402,2.0376808661717143,0.576635232184134,-0.045367147194014606,0.002842193466998097,-0.0015213379843367271,0.0025516649028144646
193,0.17173033119456577,0.030729943267272953,12.0,0.4666666666666666,0.31184453958281444,0.01975400553280807,0.5136624047069711,0.021242724861389374,1.9060784935473567,0.5512026623083062,-0.045043904032144234,0.0031295073123864298,-0.0038321935633817863,0.0025875513992380246
194,0.17796267356426476,0.028572954068033805,16.0,0.46249999999999997,0.3167399896512164,0.013208135063107366,0.5188569075108855,0.018599574422669306,1.8518972990102445,0.47469247572275397,-0.04471318053081627,0.0027143825492671756,-0.004511299981839078,0.002349767415848635
195,0.17326859047181414,0.029025662682022484,12.0,0.8055555555555557,0.3199792834813156,0.01674530197411048,0.5144103627324828,0.019360216595887925,1.9311160059660557,0.5355334007808601,-0.04307584583138421,0.0035203017568377465,-0.003971297774049925,0.0025014284432310326
196,0.16132839809082125,0.02947557742394708,8.0,0.5416666666666667,0.3189811365311965,0.01650921943005975,0.5066187539174463,0.018697870479351335,2.069981207882271,0.5376818427422722,-0.04287255317179688,0.0036917692227317446,-0.004266985787285657,0.003397815274871101
197,0.15288963837228942,0.02758749472101309,4.0,0.45,0.3168530254767419,0.016291354723554172,0.5009446827513141,0.016772332269513066,2.166587954566125,0.5509724214372578,-0.044576752200308725,0.004326698265937253,-0.005775303145249643,0.00381064147607942
198,0.15298246935307572,0.028559068434158074,4.0,0.4666666666666667,0.3185453380206937,0.011704754226659203,0.5015035598282572,0.016510947403069787,2.1768179826800553,0.5314941355080294,-0.0467595013024078,0.003064977018579028,-0.007523956530623919,0.002635034517675602
199,0.1604250722929473,0.02776953050289962,4.0,0.36666666666666664,0.32201893058300624,0.012139430329407654,0.5078183658155214,0.01702971224809521,2.092617964034733,0.5191384412972545,-0.04838926144979062,0.0017109870313096465,-0.0074435349553822975,0.0013913865830202023
200,0.1685942060907669,0.029063796954338226,12.0,0.638888888888889,0.3242598959067516,0.011437879382428677,0.5144255412424598,0.0177616768840753,2.006405033637282,0.5027354968047362,-0.049219703359736286,0.0018816905886835853,-0.006495488108032228,0.0012497931830343287
201,0.17193795505338857,0.029929427383521504,16.0,0.6291666666666667,0.32291093905110946,0.011308539570454492,0.5182246326514485,0.018106769638231223,1.9616785988842886,0.5014141116793096,-0.04999465833728507,0.0018526636237275178,-0.0058086097902721335,0.0012109495455678067
202,0.17118288895410003,0.031986955884473145,20.0,0.5700000000000001,0.3250836122188648,0.011991224627909499,0.5158249642391477,0.020976497884027646,1.9998392608353626,0.5624437300001408,-0.048099432094022586,0.005015689388629819,-0.003922221486767098,0.0030413425826035646
203,0.16806640697788253,0.032915306179883606,20.0,0.6933333333333332,0.3267595199322548,0.012408531559846886,0.5138249930769039,0.021555647021666312,2.057539545121429,0.6029207243488214,-0.04631416854448612,0.004988333915135436,-0.0008780596653620328,0.004464983677530916
204,0.16432204623918434,0.032571420484024116,24.0,0.4861111111111111,0.32754697341421346,0.012198154915980959,0.510871641185246,0.020806840555860198,2.1079811520749203,0.603124868501646,-0.044962006427554574,0.004104251929230348,0.0013948227837681537,0.0033007896949946857
205,0.17156465062248138,0.029610191639207407,16.0,0.6083333333333334,0.32339883619876875,0.011452757702708144,0.518381056585621,0.019238923276343644,1.9703896731669803,0.5181383634687539,-0.04607983274178368,0.0021211087432475607,0.001866260431706873,0.002270119645838681
206,0.17273191392904355,0.026968152815128363,16.0,0.4291666666666667,0.3212088022278823,0.009734529062682339,0.5188030929509271,0.01766897271841987,1.928267267277027,0.46049352600023213,-0.04674162587978769,0.0015180425416359386,0.0010332117229699777,0.0012021014793730182
207,0.1729929443706867,0.02469945441839375,12.0,0.5388888888888889,0.32137676371297125,0.009372340847115882,0.5206782161475915,0.01723277057774765,1.9175967753567313,0.44376941244022916,-0.0471513318849934,0.0016190498262050393,0.0006355431055029004,0.0011086443231057457
208,0.17427336722451653,0.026564531400412796,8.0,0.48333333333333334,0.32358975217334296,0.009415575178264066,0.5220042506539941,0.018632415472017622,1.9241519248273011,0.46830075224281204,-0.047359943818300915,0.0016416314232245456,0.0006100910405317738,0.0012144660906313423
209,0.16504643969145869,0.03278757302307547,4.0,1.0166666666666666,0.32466594453680536,0.01157314719860456,0.5156635198297264,0.023657579445726742,2.0835982295978233,0.6209526093583859,-0.04875299220697742,0.002911003415976797,-0.0007678038751085597,0.0022820242754044984
210,0.16883104554256478,0.034017032353334774,8.0,0.6083333333333334,0.3258004697797898,0.011762866671665255,0.5162438820161834,0.02376531030166081,2.0466778096665266,0.6145025438117098,-0.05007540003913968,0.003059033186031896,-0.0019314405197898322,0.00222628420447215
211,0.1669065964395818,0.03542205126600985,12.0,0.3333333333333333,0.3241112770177363,0.012525861523481532,0.5145929796261356,0.023814495578582343,2.0714206409214437,0.644548209336487,-0.05204864675179119,0.0025406948719044974,-0.0029310673102736027,0.0014273152306840157
212,0.17834898156415768,0.03058233782814276,20.0,0.5700000000000001,0.3322821923964506,0.030569992294064898,0.5216234761142705,0.020958803369379223,1.9646134238304558,0.6456814236129279,-0.05161771983736087,0.004225366752377212,-0.002423698235717038,0.0015150768671902018
213,0.16865298082059554,0.0341359075647608,16.0,0.5541666666666667,0.41831207734863224,0.16834182008606827,0.5134015401633464,0.028956522488311248,2.7747576354966834,1.8771201686859857,-0.04920762639699706,0.007735402957375148,-0.0008731385320424782,0.003106573011132948
214,0.1471604850047888,0.03805921082523691,8.0,0.775,0.5155721207444648,0.2696532186609517,0.4891084902625458,0.04341701854804864,4.165367504185858,3.311397719084354,-0.04178381030078725,0.018251440855048574,-0.0015918387224276654,0.004539998211288628
215,0.14493252681369306,0.03262456322464441,4.0,4.5,0.5005979575988662,0.2783969988813328,0.48799816879572866,0.041100341148484765,4.058789714422458,3.345158376642848,-0.04210316330342818,0.018044389758963403,-0.0008098649481932344,0.0045465720971663605
216,0.14478475400308746,0.02969382873921547,0.0,0.0,0.41722705013572925,0.2526010107708994,0.49130322662652864,0.03809681431376161,3.378320867655082,3.132638055448574,-0.043344101238823554,0.01744246242511406,-0.0009095695614814867,0.003985891804894474
217,0.15343189410947944,0.020782651454114308,0.0,0.0,0.32574330996168605,0.019125024011469195,0.5059357753743939,0.01257901930618395,2.175075730172025,0.40988521359375557,-0.047954159830179435,0.0031681073300085074,0.0016771452294455248,0.0017206406889806716
218,0.14804599074414862,0.024036846677900185,4.0,1.3,0.33838592015652036,0.010507961771193095,0.49723540309848013,0.016581349272836807,2.3704237639996735,0.5561134948318012,-0.04430211709605318,0.003997032081721119,0.0022898400657706346,0.00157879400455171
219,0.14469795346091788,0.026456395006221968,0.0,0.0,0.3420097689708883,0.009966745547544363,0.4902273414687765,0.017332964996476522,2.4758947851494786,0.648229691091287,-0.04222005075257681,0.0029118510299137473,0.002592777340776342,0.0014629074441166122
220,0.14025897196424497,0.02691679661178728,0.0,0.0,0.3437376721938488,0.026657124061107255,0.4783684572625988,0.020112110777350596,2.5800160027648587,0.7272094246108873,-0.03640422554738401,0.00830688948439259,-9.43227815959391e-05,0.004082160024212444
221,0.13267383206332914,0.020582506456390186,0.0,0.0,0.3381993874180186,0.0334669336668743,0.47667242838690066,0.016777466236424968,2.623317970238242,0.5751297449715178,-0.0395351225815506,0.01069236637393034,-0.003838355185257053,0.00497144911365752
222,0.13368899191428638,0.02387518686676501,0.0,0.0,0.33419045548522175,0.033319802222933695,0.4801766164284129,0.021729462307762713,2.593838582788196,0.6187418112604759,-0.04268678708778069,0.012246666241092469,-0.007738394426802751,0.0027857577690388186
223,0.14650319214981788,0.03570284513872069,4.0,0.21666666666666667,0.33190546977427,0.021471016939161307,0.49395222088865465,0.02341041286679467,2.4066776296023096,0.6456286619058372,-0.050253078125210224,0.003112870777629029,-0.009253589920699547,0.0010623352422637566
224,0.15521600769120053,0.04100839426796024,12.0,0.9555555555555554,0.34327640548456356,0.025222230017789823,0.49608800599764075,0.02539401596452685,2.4080138249436884,0.801355260234538,-0.050988673646416884,0.0028207991173871422,-0.0091408140584826,0.0013232268209247087
225,0.16362875248664882,0.03649122186261332,16.0,0.7458333333333333,0.3472167687136481,0.024610317529898392,0.4976980467753685,0.022054331768371904,2.266349747121142,0.694690341531429,-0.050245310616575965,0.0030528003405495955,-0.008446746969388543,0.001483178251441767
226,0.15636408988819445,0.029377693948115634,12.0,0.638888888888889,0.35145537010506156,0.02464242373414507,0.49362076948956035,0.016157961112010375,2.3502933146824616,0.5958164183904769,-0.04814436282755595,0.004348579089891264,-0.006835393504136091,0.00218633370199374
227,0.15620011251297447,0.018027999453899386,0.0,0.0,0.3464640233391286,0.013900695611764883,0.49807687396542444,0.011245333107387191,2.256739419295736,0.35622218496986824,-0.04579711716415149,0.0033737302125113537,-0.004952065178917465,0.002412156698859323
228,0.15601430716569217,0.022380990781323332,0.0,0.0,0.34549138646498595,0.013211963601051183,0.49939800324578465,0.015117115653885984,2.272567509872535,0.42651931970732637,-0.04364633798806199,0.002560215574958611,-0.003457074624796661,0.0018635804969613292
229,0.1589449857371587,0.02637704625485062,0.0,0.0,0.34317122552332935,0.010384019204064716,0.5017051464623006,0.0166309134946329,2.2410511422214654,0.5130296534754838,-0.043516504050542866,0.002403033679709903,-0.00283786794377693,0.0012120136992021093
230,0.16133933617376917,0.03457945053506217,12.0,0.8055555555555555,0.34274085197562426,0.010368697379227198,0.5004677204893427,0.021852847491372143,2.2689984181089202,0.6983403850357076,-0.04329725729715488,0.0023461467558127855,-0.0029836825695302273,0.0013414072876112753
231,0.15777375781581193,0.035106446802204476,16.0,0.6833333333333333,0.34530416555215376,0.01869370565370391,0.49926234401496544,0.021890102907768626,2.341809429762626,0.7245452728775782,-0.04387922357974776,0.0021682073953760692,-0.0025726796810825194,0.0013177018685199939
232,0.14498447883020588,0.03610381580579465,0.0,0.0,0.2951162124835398,0.07839016269380006,0.49604987898569897,0.020175712904868158,2.1125502414898034,0.7263109320661564,-0.044467266928404525,0.0043197754125104985,-0.0021514533335963487,0.0015844930303683263
233,0.1299028129867172,0.027687054318398997,0.0,0.0,0.2383183496989553,0.08462875974753632,0.4923345106849085,0.015524999898204012,1.8330766549784925,0.551483619928503,-0.045098686069250056,0.00444158233413346,-0.00213882685949401,0.0015041826543751868
234,0.11384755178670178,0.015645460971630352,0.0,0.0,0.18617648093466763,0.03156752301598247,0.4849648611728828,0.012427124920940192,1.662068070614765,0.33469053775592117,-0.04645994748920197,0.00478803922847856,-0.0026454004065857577,0.0016719498336238037
235,0.11584143516740167,0.02027621063934788,0.0,0.0,0.209304597748618,0.04554378321512781,0.48294891838214743,0.013873513460006393,1.8545785587926473,0.5083293864289534,-0.04756092193432975,0.0029421724656126373,-0.0026578255660003624,0.001454627946871628
236,0.11937222373438304,0.02252281056997259,0.0,0.0,0.23292119363556252,0.04079988299391454,0.4838699893873784,0.015027840438558792,2.025514074951408,0.5715808011686999,-0.04817788148919737,0.0025433019689885487,-0.0023641883995797436,0.0014158658432978058
237,0.13452371522538045,0.025481825272453205,0.0,0.0,0.26288107298199126,0.028766746851895657,0.49322029041247734,0.016989258347231175,2.042620235332746,0.5507608709596801,-0.048348442369865,0.0019071850741027034,-0.0019655988986293006,0.0010530580662182723
238,0.14288422490962982,0.022715536255369366,0.0,0.0,0.272794677202122,0.028064010151538824,0.4993316616853966,0.014775597493967755,1.9655865971036695,0.4430862874830067,-0.04822311653238199,0.0018731748250698215,-0.002109341033630851,0.0008955490513560684
239,0.15002716042032757,0.01731720654301709,0.0,0.0,0.28767993930155256,0.0093503693599465,0.5027760572821193,0.011813621753419167,1.9484021370808553,0.28302223531494625,-0.048636263553053095,0.0015108283193867467,-0.0021487365414698417,0.0008230197743422256
240,0.14451915847450877,0.018200255758427816,0.0,0.0,0.2883497434756574,0.010081445459192052,0.49933416467228287,0.012645336494534403,2.0362890649827112,0.3505455493352049,-0.048583460431545926,0.0014344905409701986,-0.0019620785034364617,0.0009046162954698862
241,0.13663557283728786,0.019639966203596943,0.0,0.0,0.2884935664244929,0.010319458557506038,0.4960561699015339,0.012888035271512345,2.1690315173245067,0.4211243887195908,-0.048360222687737764,0.0016008654672004534,-0.0018707317858933901,0.000966159074531425
242,0.1315958398791573,0.017093718589408606,0.0,0.0,0.291960788465576,0.011852748553865809,0.494965925040764,0.01184241974562781,2.2667755717155447,0.3910508795585251,-0.04753726012797815,0.0018280722218238957,-0.0018631170690059159,0.0009518595885299202
243,0.12995896976777666,0.016491299111795303,0.0,0.0,0.29715816607962753,0.010390739663134946,0.49569737184509044,0.011983152482199588,2.3313202539982982,0.3696251251441419,-0.04665715531135594,0.0016879940104037,-0.0018819663590854583,0.0009218391317423789
244,0.1294866600778365,0.017900719503700105,0.0,0.0,0.299244924126228,0.010099114598489918,0.49572659551061843,0.01341559257740548,2.370896525540344,0.4525283267607811,-0.04632958927088309,0.001570066173861194,-0.0010809420752856205,0.0014863403276914784
245,0.12939826267300164,0.019282128992453407,0.0,0.0,0.2972555026338428,0.010144162885883743,0.4951358658224583,0.014146769225891571,2.3637330293971743,0.4685211203986704,-0.04651825657321342,0.0016718311368975212,0.0007240749150514533,0.0021404325036213975
246,0.12886625702345406,0.018612797291936867,0.0,0.0,0.29605516893085176,0.00910272816985776,0.49368926563727505,0.0133137922317507,2.362644983648557,0.4753798474363306,-0.046407006502979284,0.001635361347205388,0.0023307782701319727,0.0016135127211355767
247,0.13082932814135964,0.017238251260163987,0.0,0.0,0.29640933620880355,0.008091547212542951,0.4924246008455181,0.012549420981940273,2.316351154594544,0.40651753806554064,-0.04609721938769018,0.001565902559666321,0.00332380272034137,0.0008791113768870769
248,0.1329736676232282,0.015559101712000862,0.0,0.0,0.2982342967169244,0.00830203437561874,0.49206133704543503,0.011467794113147134,2.2852281479964915,0.3823159591240912,-0.04558750282766086,0.00175637475478651,0.003711929851108078,0.0009236987552325885
249,0.1310933538452176,0.015479161778892508,0.0,0.0,0.3072124979262615,0.03168689908558116,0.49062845196297133,0.01115693062874257,2.3849119033661235,0.4466867655723565,-0.04631317156263519,0.0028915776286056313,0.0005156533130340953,0.005123448258969819
250,0.13186396164941555,0.012926299920671439,0.0,0.0,0.31225351982614125,0.031519603779159355,0.4888002276231805,0.009756567533077343,2.394431264002981,0.38253547703346624,-0.044893527221348505,0.004041240442479091,-0.003861948835353042,0.006238230508882546
251,0.12817496048993623,0.012074693693526541,0.0,0.0,0.31983807925854457,0.030155028026517712,0.486183694932398,0.008893030407174821,2.5178391226315417,0.3556506539305043,-0.04362088346026005,0.004192751025382065,-0.008875307312442146,0.0026842668869084298
252,0.12977004022141944,0.011534101998130031,0.0,0.0,0.3195746987869485,0.011353829264928457,0.48560085270342584,0.00826674118175864,2.4851013209914252,0.2735894009585691,-0.041722668754971645,0.0022209754588292793,-0.009316162065499307,0.0021900839032173197
253,0.13173750809134124,0.014963189628874317,0.0,0.0,0.32156559208353114,0.009757896594589796,0.48973486305641106,0.010926693940754535,2.4766827109330714,0.33025552779297396,-0.041522795359293575,0.002557272134939455,-0.006419718542860578,0.004867334710650787
254,0.132402616861919,0.014768553655276084,0.0,0.0,0.3190317300452154,0.010305640610262347,0.4925012411659777,0.011226223732224577,2.4437353460429385,0.3253643086550465,-0.04162118223599257,0.00270224220329097,-0.001890143160190842,0.005252941805774214
255,0.1315258925380844,0.014724533675718387,0.0,0.0,0.31628414811445116,0.009349502133781131,0.49278109083900834,0.011273241987091736,2.4371580310463195,0.30759691074425694,-0.04147909906796279,0.0026327388501909085,0.0014525603089067416,0.003254993341844283
256,0.12790604109901832,0.012342375292175464,0.0,0.0,0.3155317674318852,0.009330337817895903,0.4907240101725147,0.010549546360050947,2.495197584362114,0.31229519864895716,-0.04230770502653382,0.0020854185091135273,0.0007251083436939313,0.003429452332378619
257,0.1249238226639717,0.016548808600337167,0.0,0.0,0.3429840261065875,0.04370833338643472,0.48879233088354146,0.012260311759984916,2.8155671167078657,0.6569939571389649,-0.043742786979095755,0.0028792469181305584,-0.0008560043242242512,0.003005899504002645
258,0.12473266049755159,0.01810906766040043,0.0,0.0,0.3406307938069885,0.04821973140110834,0.48805496969802403,0.012575060943921315,2.8013750779125792,0.6607621958110117,-0.04631243982869713,0.004579863450400327,-0.0025107562169432254,0.0018547534655936355
259,0.1290825977255569,0.02088347494737016,0.0,0.0,0.34430966949393194,0.04661912674936389,0.4885053823683112,0.013463543704959816,2.749461490007962,0.6703984692379378,-0.045319422758701725,0.00540135708625052,-0.001936798509624228,0.0015436593771498324
260,0.13550354748448554,0.019459482513679845,0.0,0.0,0.3188141508038552,0.022234547434308482,0.48895253609467443,0.01270549238098735,2.3978466675300023,0.3612158071456794,-0.04377604840737245,0.00568666133795331,-0.001763496461013907,0.001288958833319615
261,0.14150028744337448,0.016834728121141878,0.0,0.0,0.32426156171540227,0.01358808597710174,0.49113511214779043,0.012196458172364966,2.329937163491324,0.3450417978530036,-0.04088973472308777,0.002457110292738985,-0.0009253759723570318,0.0013119604442063202
262,0.13804619137029664,0.016124777986665575,0.0,0.0,0.323073384003636,0.013640196406466217,0.4894285342156026,0.010767520736386307,2.378383227084994,0.34567757148553657,-0.04113880723093942,0.002332494277503261,-8.751075300905934e-06,0.0016109546662250952
263,0.13173939087931863,0.020355451222240764,0.0,0.0,0.3320590275442664,0.025379765747400182,0.4865716206348497,0.012717086677480536,2.602707821239518,0.5903065588341345,-0.04128090007437595,0.0025861955301782653,-0.00030057746503088306,0.0020968952083538074
264,0.1342624890551156,0.02480869804675387,0.0,0.0,0.3505366253342187,0.03799691007150012,0.4881712021444155,0.014820567616998135,2.7077234681454394,0.6375614382024699,-0.04314807653013198,0.0036519578128331367,0.00013505949742263204,0.0022723240555485784
265,0.15034047537119047,0.032460612615965875,0.0,0.0,0.369853782711467,0.034680136778448806,0.4975234301430953,0.01937068641721734,2.5910295916171355,0.6895128375200764,-0.04386554949606453,0.0033779971500286308,9.065363970066841e-05,0.002245062963833437
266,0.1667587697902716,0.02419518122787917,0.0,0.0,0.3872497841300728,0.02507614819376901,0.5069886715257007,0.015592187199652023,2.3856947238001536,0.4859823800313993,-0.04443173574490675,0.002376203551056295,0.000775185272925405,0.0015883405131519382
267,0.16255842500641465,0.02741614138386478,0.0,0.0,0.39795085823514176,0.023839455498566118,0.5073241024103585,0.017751526771019797,2.542511527002725,0.5914842905767325,-0.043168098653356184,0.0020604594881044433,-0.00033915849609507674,0.001984191558962794
268,0.14761508077792876,0.0273622345072189,0.0,0.0,0.4496537390605139,0.08367625146762084,0.5003559767008943,0.02105983821831355,3.215296416089267,1.1544961020014597,-0.042282775276237014,0.003423081618994095,0.0009067238494753803,0.0036435345812019623
269,0.14179938644826717,0.031137599581508434,4.0,0.7166666666666667,0.464816586089249,0.16801284327883242,0.48928863268534,0.030395778026057352,3.5429935565228545,1.8149092345472093,-0.039811481981810636,0.009486752137592584,-0.0008428334155016338,0.004918821465580585
270,0.1540437760347145,0.03776030639861297,0.0,0.0,0.4423444677549678,0.1775097342578344,0.49006309769738904,0.030531194397992466,3.2218474919661446,1.964083856126537,-0.039885172216183644,0.009613663364922908,-0.0016693084686994412,0.005292845544143951
271,0.16425182997512497,0.035977209031702796,16.0,0.6375,0.38199022042968633,0.15687023345797554,0.4901089331393945,0.028560162561387076,2.57447155733851,1.7113704405355075,-0.040690870064997046,0.009429280598339274,-0.004961264394223645,0.0019553952023482436
272,0.1677864642456186,0.02823337083993148,16.0,0.775,0.3494571049324257,0.018150081561044668,0.49742624460887086,0.015843636383044014,2.171523351556428,0.5642529467568541,-0.04359775458152091,0.0029899481737296254,-0.004811181918614394,0.001661137742191633
273,0.15970221940450674,0.02683151409183903,8.0,0.9833333333333334,0.34661240667082727,0.015129173867277051,0.4903760473112854,0.023326786536217357,2.2594112559890895,0.5676768345188048,-0.04204365766865921,0.009799403351574896,-0.004389979255696089,0.0015420719726162387
274,0.16072558676326262,0.026761052904882034,12.0,1.0666666666666667,0.3097280558106847,0.0640262911655782,0.48745936855872285,0.02555763254863539,2.029699615867225,0.7124029818005875,-0.03953912834792083,0.011644667389948292,-0.004475308681527724,0.002184585522089835
275,0.15062947655958575,0.029586912423737226,8.0,0.475,0.2921316460559909,0.06234174248071033,0.48137593476710056,0.024282587585753364,2.05822839527759,0.7202673367043304,-0.03754179123530366,0.011067144167707465,-0.003904024714397013,0.00255858357987134
276,0.1578366111992232,0.029229489665603733,8.0,2.7333333333333334,0.2828627608210847,0.05663943958747067,0.48919642094186466,0.01971284215009981,1.882565842095933,0.5913080619647038,-0.03783711985581446,0.00622824326684861,-0.002873946246173614,0.0031663895019043565
277,0.15466129420497837,0.028585441327030718,0.0,0.0,0.3050511066270266,0.025546025047595424,0.4920214683981835,0.016370223616250765,2.046824811213732,0.4542272906178388,-0.03923591732047493,0.0021071115060866,-0.0009246154046720856,0.0025102839752637256
278,0.1541984922653188,0.033322041876563055,0.0,0.0,0.31040818384465435,0.02026573860502266,0.4922865252543283,0.019099391936420605,2.1348653062493104,0.5893598184607278,-0.04168764710426326,0.005414181329307112,0.000344851993852181,0.0017272900224781197
279,0.1461273523242444,0.029886472473975745,0.0,0.0,0.3163060487743295,0.02693454013866375,0.491241958177437,0.019176932122965687,2.2751921885464674,0.5837943454905056,-0.04632469598203893,0.008111223133659078,0.002256582834654363,0.0051923575538575075
280,0.14869845675014667,0.02997109130158296,4.0,1.1,0.33472587586121105,0.03613993635801031,0.5066822603826812,0.029926358743879052,2.341623139771389,0.5187698725049997,-0.05455571909538569,0.01153881393916445,0.01020098861306903,0.011433969635420338
281,0.1534572556794771,0.026980664666459105,0.0,0.0,0.3552822136997541,0.04391724719084306,0.5104394058412343,0.03061944551387385,2.3865615573546477,0.5362792208099544,-0.05406492472005382,0.012923611937953225,0.009908149908814147,0.013409123039528702
282,0.141229281582145,0.03351802427754527,0.0,0.0,0.3650863753020673,0.04095763383042977,0.49911025494035394,0.037277815114729614,2.7241161201925124,0.6890197338091868,-0.04884123536447679,0.01474085397346217,0.006518586013052205,0.01460958641286018
283,0.13061801124779665,0.027133414710214923,0.0,0.0,0.36841304519639884,0.04589906341347162,0.4807451134800477,0.023741631131376287,2.919569384002882,0.611508864915355,-0.03910177943400206,0.00802019121366699,-0.0026783747184607335,0.007030474575299844
284,0.1193647632305241,0.01951105960431942,0.0,0.0,0.3912347444369728,0.05302250035733837,0.47457963967049094,0.014384980733313861,3.381231447888815,0.7961697042715894,-0.03807675135011469,0.004725916271616983,-0.0033739634230732464,0.0016429652032669772
285,0.12609875761856612,0.019078017041571305,0.0,0.0,0.3758748219603024,0.06409556631602266,0.4821440027971662,0.013901353082973196,3.089295746490132,0.8923451995396362,-0.03917984475174707,0.004706984648736463,-0.0028232436337404325,0.0014257207394834037
286,0.13165805018564974,0.025890215435697084,0.0,0.0,0.3601967162186499,0.06413463177193254,0.48410291002502853,0.01683287643411386,2.9050403589800586,1.0117768614742053,-0.0393035481901218,0.004723074293713909,-0.00226612988859411,0.0015157353192222667
287,0.1372063040152356,0.02436699254766128,0.0,0.0,0.3219353170790705,0.017469560894469275,0.4821480288464606,0.01929027738289957,2.4328781623083833,0.5307683638910707,-0.03576894644751312,0.0050953348072985275,-0.002505709201925288,0.001667063508547435
288,0.1396564005397867,0.02247297289327685,0.0,0.0,0.32979870262298844,0.010192118504642661,0.47935913141608266,0.017890466537931582,2.4360386928819273,0.4856402055661839,-0.03320511984535385,0.003484093112850603,-0.0018822838986912946,0.0016816304460515663
289,0.13934833615733908,0.020257887973696393,0.0,0.0,0.3281593846341663,0.01068506166540188,0.4797117704618412,0.017505860730115324,2.4138100588795686,0.42625459407220323,-0.032915389599899404,0.0030532792901188225,-0.0006554567068814895,0.0037983106500703856
290,0.14431509425181718,0.016756519966468958,0.0,0.0,0.3279023786905036,0.01117843794308441,0.4869638275761182,0.013968158364757557,2.307057191408324,0.31626413529856345,-0.03488284247823883,0.0022605539948833365,0.001807825387352044,0.003724726152361845
291,0.1387752632688807,0.021307295060268922,0.0,0.0,0.3541062635425652,0.057970830194049805,0.487294111738142,0.014349611621845098,2.668365359686878,0.9111313476635343,-0.037900966427599346,0.004257304386772867,0.0031927474505371234,0.0032024203482802645
292,0.12402312789200269,0.0250721466375221,0.0,0.0,0.484244663626573,0.19789937028618276,0.4706225140325232,0.02976519631898625,4.3997094374924535,2.9328010273531206,-0.033792046305973863,0.013878578366073634,-0.00020357059107888346,0.007210012764013654
293,0.12407926433454054,0.03708381443052252,0.0,0.0,0.5250948299492585,0.267061055893892,0.47100837758894337,0.05810004169959827,5.232895570470489,4.157745496356679,-0.036299891391818134,0.028058745049146048,-0.003319603655901226,0.00845114555283316
294,0.14278867578146673,0.04760711553603461,8.0,0.8,0.48251892262542406,0.2881651676708576,0.49032543033750214,0.06854692761923563,4.628469830406793,4.450063225794843,-0.04315601881660462,0.030936678461033325,-0.004182736103733378,0.007828276799049313
295,0.1723530690267805,0.04290960382695517,12.0,0.6833333333333335,0.34254668968580226,0.21799779902276975,0.5284204774186778,0.06032898178124069,2.683249259580131,3.6363914970693543,-0.055346663085232006,0.02514950956522003,-0.0007235992534293345,0.006263977011119334
296,0.18326937985134545,0.029342866131004133,12.0,0.9888888888888889,0.2980363865679328,0.017952733823699055,0.5419438102115534,0.026641960265485237,1.696106065860343,0.4679542793772551,-0.05750170144148994,0.006332003203821203,0.0018063503131269987,0.0015013039010046193
297,0.18470763972963683,0.03087331771903875,12.0,0.888888888888889,0.31103918342164144,0.01721696389684696,0.5335661099553799,0.029651129021980364,1.7575670321718695,0.47314261958013315,-0.048789130206116325,0.010041229675581733,0.00044141130728852135,0.0032634426545603517
298,0.18205038415761954,0.028061262678163397,8.0,0.8,0.32292479639212357,0.014039649954254297,0.5209802442302496,0.02389351983817944,1.8337151182943257,0.41904561520671785,-0.04080549418305353,0.00818476389444784,-0.0009105470238460383,0.003151594229461801
299,0.18741584954151208,0.023397816607628616,4.0,1.0833333333333333,0.3280118777831816,0.011519074515961989,0.5187883575634314,0.017774110278046512,1.7871858290120657,0.31791011759488996,-0.03554674529780939,0.0020326587472002024,-0.0011207438674237938,0.002822370053585912
300,0.1855027277711773,0.018003219668616417,4.0,0.8166666666666667,0.331155051070945,0.010557179845453006,0.5192312334506157,0.014546508917416608,1.8062809971269855,0.23450810760189061,-0.035216848762291954,0.002636737605885677,0.0007563520967960145,0.002808473112657719
301,0.17064921338062033,0.03159996101267833,8.0,1.9166666666666667,0.3212633645601422,0.01796140365928793,0.5116586164221235,0.023172693268344615,1.954815261409958,0.4167875568492786,-0.037082006364232915,0.0036624816115922295,-4.49915809764022e-05,0.0044486023896607415
302,0.16350706137385881,0.031492459797136274,4.0,3.35,0.3164888073288913,0.017154270307437686,0.5118074832995745,0.02511366633626483,2.0190626410325447,0.4644585193586995,-0.039175006604442945,0.003791810295239755,0.001582860925959195,0.005643103132861106
303,0.14351755242082076,0.03381372963203567,0.0,0.0,0.33545201810764175,0.05194714151840889,0.5013717995360722,0.027239506185871638,2.5120466316725403,0.8593784161287484,-0.04128493473865087,0.004083548575909631,0.001989435594942811,0.005531221066970599
304,0.13369389755731245,0.03824792761811575,0.0,0.0,0.4544389013469031,0.18295261831561518,0.49116682282324253,0.03417603655548114,4.117962850786007,3.3032694045153908,-0.03816287577237942,0.011350760054621252,0.0016046044230460885,0.00667096299195325
305,0.1320741985044121,0.04078804346089342,4.0,2.816666666666667,0.47066742672882117,0.19709099018964182,0.4822121926787082,0.034421575460052596,4.462687880913542,3.774122085364778,-0.03740553356490481,0.014197938043327226,-0.003240044357048131,0.00680496760684456
306,0.15493466590112823,0.0467271936000865,4.0,4.116666666666666,0.4521586676100531,0.2036036003361612,0.49538390473306837,0.040296452554864755,3.9421043507206015,3.9682740557230574,-0.03787543386107797,0.014000054708278904,-0.005693627579344604,0.005044313928439381
307,0.18289564990090054,0.03282154039849443,0.0,0.0,0.3411416580835879,0.09870396110387439,0.5224165201753539,0.034167938190630506,2.1507154764153724,2.245136429402265,-0.04421075833659057,0.010127908515141937,-0.004993985241485917,0.003183005737159721
308,0.18861933525359656,0.024939700289637327,4.0,0.9166666666666666,0.3278989127454434,0.011305414599967818,0.533015690867257,0.02291278340391816,1.7788567400074615,0.3306971245550324,-0.04699116069202617,0.004733851382641615,-0.0030640683530105,0.0013613599235711967
309,0.18401677428790106,0.02541751649451287,4.0,0.7666666666666667,0.32780049787723226,0.011265472970166623,0.5307070889236547,0.0237190915565394,1.8290272643308816,0.3692606050364068,-0.04715308839662203,0.004389165091840603,-0.002334458976983979,0.00124299755398207
310,0.17591152922461228,0.02752802525025106,12.0,0.6444444444444445,0.33150640489462674,0.011868773138005993,0.5208039028653744,0.02280498742909337,1.954150180825722,0.4689502643127689,-0.04459798125757107,0.004100397823352253,-0.0010970875289704864,0.0016880366696782516
311,0.1763125504537035,0.027228247631137764,16.0,0.55,0.33477714538754083,0.010528891607193839,0.523046802984881,0.02154326130069115,1.9660924627541252,0.4559504857247363,-0.04417100883813363,0.0025817100273936235,-0.00020817398611042612,0.0016353728497107147
312,0.17414526415760867,0.03037664546698767,20.0,0.48,0.3348075261240106,0.01075148432882333,0.5266562525610888,0.022671419089888598,2.015208475254575,0.5534365734618119,-0.04565039764882785,0.003203649353845298,0.000546789343158381,0.0009717516221098526
313,0.17489194555594278,0.025668476985863935,16.0,0.6958333333333333,0.3335493697201376,0.010623564977935674,0.5340966232867217,0.018837086466714836,1.9713105885895237,0.46059110887237886,-0.048127043118907295,0.0024061444067051416,0.0003901163364449974,0.0009717723912892657
314,0.16734478262410443,0.028865525812277998,8.0,0.8916666666666666,0.33264650289553466,0.010741074295199203,0.5314363883680688,0.02161010321388874,2.0904013038470697,0.6208366246159726,-0.04917662420620516,0.002926117807399368,9.53713556130632e-05,0.0012086537874249667
315,0.16912960031482455,0.023743356188635035,4.0,1.6833333333333333,0.33185453906002393,0.01012253084261319,0.5173220635734,0.02865492663939655,2.030379692783419,0.5137609127485854,-0.039635008839217695,0.014738123043428744,-0.0025392506271600594,0.004065705104390398
316,0.16166583278578545,0.02721866094313125,4.0,0.9,0.330934496641925,0.010344009196007921,0.49993261844754544,0.02741702586831394,2.138141850866089,0.5712534257794438,-0.032039875683322915,0.013562150942647488,-0.004322959387467935,0.0037623805017093655
317,0.14631940819097738,0.032666550085648366,0.0,0.0,0.36540150908846497,0.06240686914322482,0.48121833360815586,0.01499389955601323,2.728183467367931,1.1489994292342343,-0.02615640611206694,0.006775954869568673,-0.006198718460897553,0.0033491799242187526
318,0.12535529935427603,0.030237413867587676,0.0,0.0,0.3934385513187179,0.06367590270341307,0.47635104557782326,0.017012353211438593,3.3986788943503505,1.212984598625481,-0.030857366765849246,0.004605179796335049,-0.00884945437312121,0.005842704057211999
319,0.12038343586554978,0.025674556080735676,0.0,0.0,0.4003744373436604,0.062395825788504784,0.47698373819210904,0.017155332664855506,3.533173277190092,1.1220664701938539,-0.034646098638574235,0.0043774025909918005,-0.011383644640445658,0.005250300683691356
320,0.13564818876308854,0.02730123938798142,0.0,0.0,0.3680010775540009,0.04892342696698508,0.48695699043586177,0.01821960396368031,2.9012053268313736,1.028842880355088,-0.03799248136579986,0.004672474004591245,-0.012362053034206181,0.004128875076792354
321,0.14516152984507133,0.021283763391450175,0.0,0.0,0.3450634766536344,0.02763729635162828,0.4931776697108931,0.013622629936636727,2.450389726099664,0.5472235415823598,-0.041017422265269644,0.0035167787577071023,-0.00759279725038339,0.005436215603027149
322,0.15061877733430246,0.02423023551440329,8.0,0.575,0.32771504072927077,0.03648873744971413,0.49529741664987037,0.01751190641800959,2.257060121835906,0.5560101981231874,-0.04360768275542387,0.003733560649858585,-0.0038420663608444813,0.005962551153960212
323,0.1515954021333088,0.028784481740199375,4.0,0.5166666666666667,0.3117931931194565,0.041637349011250685,0.49679976311492496,0.020879366299058268,2.162839692391765,0.626484010414393,-0.045688391913556343,0.003955166795140576,-0.004553081107636269,0.0062904241745873855
324,0.1565867452135773,0.03226285350003158,4.0,0.3,0.3041796184164621,0.0364613287424482,0.5011288690897696,0.02356383538399969,2.05080225674355,0.5850063174189797,-0.04605718812801767,0.003749795191424752,-0.0071663356572389285,0.005868048321507644
325,0.16007293440914858,0.034523275284437056,0.0,0.0,0.31371731357897914,0.02471021696983187,0.5053758446021249,0.023759040540101372,2.0664919357041724,0.5362347024888092,-0.04513830110844634,0.003051487273952115,-0.009917265077431948,0.0013121081729501813
326,0.1538636566130377,0.033642739891471506,0.0,0.0,0.3161525353189143,0.02177231327955868,0.506688065010528,0.023768784368623844,2.15766984941716,0.5193620632369264,-0.05146012959173979,0.015704620107814333,-0.006452702863348823,0.005836374813737021
327,0.15519813066292518,0.03026570709957607,0.0,0.0,0.3232581090380571,0.03680661980431505,0.50852830532872,0.027539870816519266,2.1765982063751674,0.5807150620016384,-0.05517530244464671,0.018771958883850068,-0.002061840523448247,0.007756280774739268
328,0.14520089167338496,0.027165423458016275,0.0,0.0,0.3313947191479373,0.04053933319723092,0.49558816023313523,0.031447143444342913,2.3982008678916023,0.7111747198362551,-0.05072522794827815,0.022316898671079957,0.00210243987954323,0.005626942819284895
329,0.15116686502878288,0.027762820597414934,4.0,0.48333333333333334,0.3529451913024717,0.030614098598797546,0.4890580911532464,0.028795290652056615,2.455540814676377,0.7024266348682865,-0.03876697693123581,0.016461507122955132,0.0038206781778070296,0.0036027296359346685
330,0.15142622539542222,0.026564532081119002,0.0,0.0,0.3558183220558241,0.015097711021309707,0.4844452874405104,0.019153131366261705,2.4513518593281622,0.6103834696994783,-0.0323434486933466,0.003237437839114877,0.003426108248531781,0.00245841179223143
331,0.1664050775923068,0.023934011501897837,4.0,0.31666666666666665,0.3559901015196888,0.013056833548473477,0.49718602411539337,0.017046878862651015,2.201444925055602,0.46439348121993795,-0.034167384191726595,0.0030018403037516232,0.0035304132931761895,0.0024816444573681653
332,0.17659062208442503,0.025423598983360173,4.0,0.31666666666666665,0.35444090751003837,0.010839518981226828,0.5106564351168095,0.02194509823891179,2.0628747414725557,0.4149152681948197,-0.03669716984861422,0.002761692464673847,0.0046369655388924435,0.004081075489557685
333,0.19009153732784315,0.022043509360032524,4.0,1.6666666666666667,0.3535755325703898,0.010930989124670576,0.5226029588146526,0.01962520839107884,1.8977568677757368,0.3513679370821688,-0.03765905956841173,0.0026438861296905493,0.004488822805384751,0.0037812896938454734
334,0.1954925421309919,0.020879234385965364,4.0,0.5166666666666667,0.34671198788823304,0.014354995746075563,0.5344801788725229,0.017653644309228167,1.8007030337678098,0.27342088511458906,-0.04313529294398091,0.006637482542877408,0.004850256931450583,0.0035977671240173758
335,0.19152146208242837,0.02496792949079548,8.0,0.9166666666666666,0.3381924710814774,0.013170771818410263,0.5340146970058958,0.018172026125944228,1.8065417792648117,0.3327536904436581,-0.04690315376346305,0.0061842228132380295,0.002955991075270659,0.0017343417327525452
336,0.18850852686877545,0.021873850403566427,4.0,1.3833333333333333,0.3337029440065738,0.010202843313405145,0.5321002341445171,0.01726943735954556,1.800419174621723,0.27259580652599286,-0.04946503056420216,0.003128198485052181,0.0033642980083822735,0.0017235003439173215
337,0.18471579585596462,0.02021541185969811,8.0,1.2166666666666668,0.33216797820948035,0.010529459204029798,0.5264138241706404,0.0137760353132249,1.830039221695379,0.3044186606231716,-0.04749160386414987,0.0025667486261211465,0.0011025847867130992,0.00353798933807071
338,0.18005067567799093,0.02338500663916474,4.0,0.5,0.3300416028139661,0.011690334409188957,0.5232539796318869,0.014271861164610131,1.8775825602464626,0.36086001087252384,-0.04581985348421662,0.0020634694875118474,0.0002592870344718154,0.003646245370939393
339,0.17341645377255696,0.02611181649907471,4.0,0.3333333333333333,0.32630842558702133,0.010519338964712065,0.5220081520457547,0.015796395917612328,1.9455494715672892,0.4456962154496694,-0.044921757311870605,0.002105448732350589,-0.0006218955872787503,0.002872860244874748
340,0.16783303016442155,0.02869261745393974,4.0,0.55,0.3260869079525713,0.010394552610700004,0.5197775846339794,0.017269663415796725,2.02717746324575,0.5134367180081829,-0.04406180741886293,0.0018255710678581696,0.0010645211115479117,0.0018855905666764429
341,0.16823614359960756,0.026746774006459546,4.0,0.55,0.3276404720924974,0.009864134322224648,0.518508716427067,0.01628577897045944,2.020831772836873,0.4800453929910384,-0.04305583564978502,0.0016285703088817203,0.002537164034114897,0.0014791260715024
342,0.1672544451100868,0.02651933875523287,4.0,1.35,0.32865781719498766,0.009663486919090674,0.5157818604517344,0.016258300611428838,2.035870603714084,0.46311321646533254,-0.04263806621026657,0.0014851872869929479,0.003498814718590793,0.0011077055404610005
343,0.16870464541566185,0.019804967389649743,4.0,1.1,0.32986032650632474,0.009626297337898196,0.5157610854172833,0.013218354071043093,1.9915472617976475,0.32441744499884295,-0.042173806617243376,0.0012732586538867793,0.004094531366394577,0.0007697191219326788
344,0.17749320135486926,0.0252586384904244,4.0,0.23333333333333334,0.32798322273195013,0.010440572379208521,0.5233498599930649,0.020009950460798908,1.8952678523551527,0.3549605022926791,-0.04270944974695638,0.0015891617715325683,0.003033925638430613,0.0023408935988396776
345,0.18542108297599025,0.02464787670865979,8.0,0.2833333333333333,0.3197651082336813,0.01786811114662872,0.5329403627935174,0.0227761169872217,1.7648642829670644,0.3297906744989374,-0.05048595837213922,0.014004611361011365,0.0028310968188775664,0.0032437791104462164
346,0.19600311295582898,0.02571991981590459,12.0,1.011111111111111,0.30834289754240507,0.017950262152912337,0.5486982900763417,0.024637866967425374,1.614194265618917,0.3410002203056033,-0.06385848278800643,0.018882458642652245,0.0033954387199547306,0.004272613032444074
347,0.20748497270601637,0.034249718635445216,8.0,1.0833333333333333,0.2989806764733617,0.01514206989766941,0.5725756793082579,0.03485727731176917,1.4870822602734253,0.31728439922001317,-0.0841641574270195,0.02016604883825215,0.009714051712718235,0.008091714541213425
348,0.21463099580510941,0.03580729183147955,8.0,0.45,0.2993561583354645,0.011699252122862845,0.5776933015686592,0.03099375266533711,1.4418460286268342,0.3238949062409388,-0.09292086556967759,0.012773906447130346,0.013807836079762994,0.006473822691752961
349,0.21589913808129627,0.03851467447516311,8.0,0.5916666666666667,0.29795926833467873,0.011505735667176423,0.5827129368627457,0.032228572750128234,1.4365600975421797,0.3591889364531958,-0.09827925604250692,0.008909604223783636,0.016522916307051928,0.002829387549800659
350,0.21501878346704933,0.034161350694328185,16.0,0.4333333333333333,0.29580058906229495,0.009693906874135448,0.5781700475900515,0.029693154951818405,1.428296924249572,0.36426069766631386,-0.09667165245860812,0.004127278486732559,0.014479524919556196,0.0013334764475572052
