Time(s),EAR,MAR,PUC,MOE
0.017,0.21410875875891405,0.14562990743230297,0.5112847758107321,0.6801679122164352
0.033,0.20162523272937516,0.14361130996235433,0.5161145949647837,0.7122685391025035
0.05,0.1862934446551087,0.14538443686052302,0.5098072425949833,0.7804055431455363
0.067,0.18935648692450524,0.15346713851534682,0.5160156268848675,0.8104667603837243
0.083,0.19099215419329738,0.14918198548940917,0.5142990299016885,0.7810896008766235
0.1,0.19135567639192597,0.15193200289712833,0.5173672516493232,0.7939769844399501
0.117,0.19273217256162428,0.13832239767431764,0.5229812365147136,0.7176923075989836
0.133,0.19191709628922426,0.13402086343695852,0.5227530120638422,0.6983268610681012
0.15,0.18384654237629516,0.1571686058395185,0.5150892096916391,0.8548901916133264
0.167,0.18634353162432932,0.15340422594454464,0.514485548166064,0.8232334366926635
0.183,0.18823228254122917,0.14266068853271108,0.5182667665607759,0.7578970334244531
0.2,0.19357669339527972,0.1500710371262915,0.5199018369206454,0.7752536449202045
0.217,0.18889201504445974,0.14118701704092965,0.5203048648949538,0.7474483080065523
0.233,0.18824631535587555,0.1613454246127717,0.516999894457019,0.8570973849222584
0.25,0.18867581294660268,0.16056159168691253,0.5190540681732643,0.8509919166605272
0.267,0.18568549203516616,0.14873866890410045,0.5177987542203932,0.8010247180535327
0.283,0.1932589568910314,0.1558214965362204,0.521419451688052,0.8062834398101403
0.3,0.18932844030986518,0.15462252163684895,0.5148686434567367,0.8166893541392163
0.317,0.20274154717316054,0.149420387998903,0.5244385947821693,0.7369993476042865
0.333,0.18291294565582725,0.15234944403239126,0.5117877112099367,0.8329068425755665
0.35,0.19545948743569647,0.15100451399642734,0.5207237308765089,0.7725617005217298
0.367,0.18698646726664087,0.1525466338861356,0.5153789701979687,0.8158164391041497
0.383,0.18976764793138867,0.15373548089141456,0.5115704288396448,0.8101248161488427
0.4,0.19282773955352683,0.1570401505747781,0.5166717869463135,0.814406427925716
0.417,0.1927090853397248,0.1591998674628688,0.5179531963404054,0.8261150074072379
0.433,0.20017995595254584,0.14937624631050817,0.5243449579571362,0.7462098070693898
0.45,0.19765874630283986,0.14891192524159433,0.5209030436625035,0.7533788816683132
0.467,0.19490413120242056,0.16921645277874459,0.5254098389366593,0.8682035200321246
0.483,0.19257908006673335,0.1651646787546283,0.5184037167469211,0.8576460054612096
0.5,0.19533405279353816,0.16753432900271675,0.5206087785528277,0.8576811191226098
0.517,0.20852826840485028,0.16174409889819916,0.5255194282296167,0.7756459118731025
0.533,0.2086947219202644,0.16980625516200884,0.5266497250078812,0.8136585995063469
0.55,0.20170363221236895,0.16875850095970002,0.5242967898738011,0.8366656520196831
0.567,0.20124064425438443,0.16777735378757133,0.5237118345246679,0.8337150500049444
0.583,0.19549217283792714,0.16173699868964925,0.5208757787943712,0.827332349637023
0.6,0.1976342836602471,0.16350918586114577,0.5245786456372872,0.8273320945784601
0.617,0.19115804339428524,0.157110418794079,0.5137247355686314,0.8218875648879752
0.633,0.20009050794250122,0.15004078196373394,0.5193996378174397,0.7498645663234071
0.65,0.19380122873581473,0.15538963412055282,0.5134105569734562,0.80179901404225
0.667,0.19886965980011279,0.15282881559675376,0.5154288770131347,0.768487338643635
0.683,0.20011221889280156,0.1537170737450763,0.5187265572199746,0.7681543615656036
0.7,0.20202565854619403,0.1518270787448918,0.5183428919503441,0.7515237412785163
0.717,0.2013276674493826,0.1519270636454185,0.5193556616843424,0.754625857291153
0.733,0.20130844108783616,0.1460848349276229,0.5127737805300899,0.7256766489184735
0.75,0.19378945710086032,0.14750473255003407,0.5107280791475253,0.7611597388048993
0.767,0.20235103727731632,0.15082247239896715,0.517867219095677,0.7453506264574729
0.783,0.19930061996932583,0.15027749802548826,0.5167199129208577,0.7540242375995485
0.8,0.2024501885881978,0.14705073799067753,0.5205119302115953,0.7263551544019166
0.817,0.20195054366513732,0.15613638995929296,0.5199134809660795,0.7731417164104756
0.833,0.19864817691405545,0.15555715346544088,0.5171183378785518,0.7830786865602206
0.85,0.1971236494859136,0.15839156806245508,0.5151600970246927,0.8035137766347701
0.867,0.20187338328206475,0.1415170919468191,0.5147024291551876,0.7010190726782755
0.883,0.20388840570065764,0.14923402093050214,0.5168899069558925,0.7319397119108514
0.9,0.20327323967990718,0.15019950330077902,0.5162897747194293,0.7389044595210714
0.917,0.197900739483574,0.14506768715438026,0.5144832108366668,0.7330325674019073
0.933,0.19823706561251656,0.14329479389695196,0.51501980781516,0.7228456164552126
0.95,0.202974527900746,0.1423040296356347,0.5131584158004392,0.7010930440750723
0.967,0.2001358066905688,0.13955627860774802,0.5133904657959873,0.6973078976493039
0.983,0.20531950619503803,0.1479094467159783,0.5112220850272902,0.7203867253385828
1.0,0.19827631196234768,0.14803279386566792,0.5110699230446634,0.7465984837047962
1.017,0.1984476997002019,0.14965792334084838,0.5082858568088771,0.7541428979370332
1.033,0.1931841955361988,0.1433415454320621,0.5046703620973656,0.7419941627947654
1.05,0.18628537981279802,0.14603823762150062,0.5077715409788811,0.7839490021614011
1.067,0.19248354713551008,0.14108425113231382,0.507741936117637,0.7329678470284491
1.083,0.18180167875459866,0.14097939942820475,0.5067378428300902,0.7754570826516017
1.1,0.19600940528038557,0.13828844275426258,0.5103702389134617,0.7055194242156141
1.117,0.18983639272507166,0.1418222553354224,0.5067276346328731,0.7470762233710099
1.133,0.19413266107660382,0.15138156233226582,0.508327810758322,0.779784099660239
1.15,0.19643851837468115,0.14637785228836867,0.5086409330705989,0.7451586048372233
1.167,0.20848249886613573,0.146708266186531,0.5159104433030668,0.7036958353071675
1.183,0.19704645410037397,0.14897470330855636,0.5023896810852109,0.7560384884300926
1.2,0.2033518233174702,0.1471384703453315,0.5115247182600953,0.7235660243656672
1.217,0.20108653344115884,0.1496018971986698,0.5133011402119382,0.7439677567590358
1.233,0.19853680155619496,0.1309445111416425,0.5065796300079827,0.659547802297899
1.25,0.19063842356169622,0.13596714316314465,0.5078963164354295,0.7132200351999957
1.267,0.19722130622629902,0.15244449089434062,0.5090337604047492,0.7729615720089602
1.283,0.19007083399103744,0.1499000510369159,0.5057247882404537,0.7886536187029318
1.3,0.1949319104050819,0.14859516694537056,0.5108952459521843,0.7622926725366801
1.317,0.19601840817947977,0.14757499962319467,0.5100702680290481,0.7528629631971656
1.333,0.1936986969169493,0.15621497723911087,0.5119749926018929,0.8064843993560264
1.35,0.1924897282511691,0.13874703696514834,0.5104946985096561,0.7208022902089876
1.367,0.19068578801455233,0.141798402954078,0.5070350275790854,0.7436233419936705
1.383,0.19737973297882727,0.14516517305116883,0.5132142149564167,0.7354613914020268
1.4,0.19673571408122542,0.1441635926579243,0.5097764192302787,0.7327779469588531
1.417,0.1970432845046356,0.12724473713672504,0.513591183381856,0.6457704836610735
1.433,0.19727650708935413,0.12831000190565237,0.5120900564729864,0.6504069024677928
1.45,0.1972436535690171,0.13152983706768404,0.5123517251378483,0.666839387162643
1.467,0.19641757461824993,0.1452492275525676,0.5123672771026591,0.739492012539452
1.483,0.19734136106482847,0.14673762271132657,0.5107054264609301,0.7435725684648637
1.5,0.19589146725874174,0.13473577560154051,0.5114365680997379,0.6878082924539832
1.517,0.19253937669127175,0.14343877367861935,0.5064954501303922,0.7449840969861297
1.533,0.1933882313668772,0.1427102949878167,0.5073173630994141,0.7379471541734136
1.55,0.19982139773064683,0.14402566659771512,0.5100277683878981,0.7207719905545719
1.567,0.19567351277605366,0.14183045364026023,0.5110527372554123,0.7248321534585201
1.583,0.19668703720424796,0.13523460182588912,0.5088079184566394,0.6875623515822037
1.6,0.19709926864600924,0.14051669633730526,0.5108170514861281,0.7129234791310849
1.617,0.19918950281880538,0.14765095104258957,0.5064197949155839,0.7412586956296671
1.633,0.19447759697561606,0.14754904290281634,0.5093523288097777,0.7586942927997835
1.65,0.1971184113101347,0.14871722927491485,0.5125328766515702,0.754456310227317
1.667,0.18995542235503632,0.12822867524418977,0.5020890774097971,0.6750461432184014
1.683,0.19484630846075202,0.13714591772588478,0.5072510128625938,0.703867159759458
1.7,0.1984854101026264,0.141044678388173,0.5125128907430174,0.7106047659384445
1.717,0.19333028162640165,0.14930678136185832,0.5069235314958457,0.7722886456576114
1.733,0.18997950979935518,0.15370528390536164,0.5065597500284698,0.809062430299435
1.75,0.19171308441458573,0.15582218674144668,0.5101438951826371,0.8127884813770779
1.767,0.19317939820553928,0.15424135851386492,0.5164588016330943,0.7984358577913934
1.783,0.19838056765133272,0.15656051114448455,0.5134609677619386,0.7891927772867867
1.8,0.19955129678742534,0.15893896632457702,0.510152818413353,0.7964817512255451
1.817,0.19329213625141684,0.15831268388324085,0.510847656757742,0.8190332361856776
1.833,0.18374792264785195,0.16486139595403293,0.5036499828972975,0.897215019241254
1.85,0.1854153194597869,0.16229355498959808,0.5098509463221497,0.8752974428566379
1.867,0.17017725226449493,0.16646249483472275,0.4975271955679246,0.9781712456844786
1.883,0.1744083848689627,0.16215398553536287,0.500072796021512,0.9297373268905227
1.9,0.16058486017069418,0.1718113784630255,0.4829997046874591,1.0699101912870121
1.917,0.17428500784205947,0.15773444497450548,0.491505033348779,0.9050373691203982
1.933,0.1705631809248823,0.17375773569931457,0.4812208794040941,1.0187294512045904
1.95,0.17664041519124907,0.17241803366345088,0.4844254001277952,0.9760961752539666
1.967,0.18300150441070312,0.16679505073002956,0.49710921865576724,0.9114408718504191
1.983,0.1874675749020953,0.1694060796938697,0.49820991789593105,0.9036553643068237
2.0,0.19254195997159573,0.16755377514124878,0.5036715805230276,0.8702195363855584
2.017,0.18824989831128733,0.16723309363934302,0.49833497945745586,0.8883568869865139
2.033,0.18094315663706323,0.17131485076874575,0.4970743652410725,0.9467882287052725
2.05,0.1754627071211197,0.1741698415575128,0.49647344438758145,0.9926316789201569
2.067,0.19176085749686805,0.1675650763943556,0.5089311177223389,0.8738231492164263
2.083,0.18596654301598212,0.17421230613992436,0.5117888355334623,0.936793808792544
2.1,0.18812416846272415,0.17085706022332406,0.5133113967534321,0.908214301328213
2.117,0.20557052111471805,0.16595627840124982,0.5135554979151435,0.8072960923645195
2.133,0.2076948348172084,0.17720020283720792,0.5243993000868865,0.8531757806743787
2.15,0.20173090249679354,0.17061713647551355,0.5090559268379033,0.8457659900580946
2.167,0.19938835147972844,0.17646924515208182,0.514317609453407,0.8850529323425557
2.183,0.20712562747372498,0.17072322677351834,0.5162844832122498,0.8242496539699102
2.2,0.20552666800060204,0.17136435542603795,0.5200302150591269,0.8337816065092633
2.217,0.2123066524873044,0.1653670062081027,0.5189126136772325,0.7789063803264074
2.233,0.2025946245682266,0.17374862779953595,0.5103255935456754,0.8576171661505444
2.25,0.2030269911437069,0.17305058887533922,0.5153257569344558,0.8523526251386461
2.267,0.19452304844203888,0.17305948714456715,0.4992123441573424,0.8896605750867248
2.283,0.19717087539211403,0.17191253731492973,0.5024931979787333,0.8718962015715911
2.3,0.19609813596495787,0.16665134863184902,0.4908242750649503,0.8498364750475196
2.317,0.19676038592214784,0.1691812472662261,0.49126233442335465,0.8598338861419291
2.333,0.19302755093510995,0.1687381879249873,0.49972296029037044,0.8741663410613959
2.35,0.19597049707566583,0.1688873782863702,0.5025012032701868,0.8618000199344363
2.367,0.19543006815566538,0.1601467508519954,0.501141486865837,0.8194580924181746
2.383,0.1988613929201707,0.1636499289258631,0.5049766974169348,0.8229346406698329
2.4,0.19446032852404352,0.17270145363453354,0.49383772180706975,0.8881063553956731
2.417,0.19311766812978534,0.1788270917952005,0.4911911875442194,0.9260006788970712
2.433,0.19549598864166365,0.16787587671019807,0.50251367818155,0.8587177561883782
2.45,0.19610865142339373,0.16886160937515415,0.49915595841477634,0.8610614990696465
2.467,0.19402691221890905,0.17002050186333595,0.4976273244151404,0.8762727805074376
2.483,0.19822840735883662,0.17329723771560052,0.5057077628854265,0.8742300865177953
2.5,0.1988506795393484,0.17122830287634302,0.5061594186988277,0.8610898553276531
2.517,0.18855240916683957,0.17150855790187405,0.5006495960511197,0.909606823162443
2.533,0.19638029714602753,0.175031981685289,0.5052220911870502,0.8912909504110587
2.55,0.18895276999484026,0.1779172642064092,0.5034989744658269,0.9415964857846094
2.567,0.20038845673698427,0.17352436079341904,0.5070905876595093,0.8659399030213345
2.583,0.18624157233010685,0.18155497981960667,0.5084398258710913,0.9748359485378841
2.6,0.20381873046183674,0.1821006765802361,0.5150138549564112,0.8934442686774209
2.617,0.1873244263150116,0.18565994414993114,0.5041948027610192,0.9911144414114933
2.633,0.17499558594168002,0.17807570153900673,0.4960163228851169,1.017601104512163
2.65,0.1726580837491561,0.18026280293490574,0.4948307603942588,1.0440449645948697
2.667,0.17458072039402425,0.18475911227920347,0.5066026360236919,1.05830192395934
2.683,0.17267772586670277,0.18059482143552882,0.49842888935078616,1.0458489682388892
2.7,0.1824779842554959,0.1849749638882555,0.5139050255198734,1.0136837309056606
2.717,0.1860835462180505,0.17617345795993658,0.510042385111056,0.94674387682562
2.733,0.18871605633307084,0.18098331332280965,0.5141969677322826,0.9590244563153999
2.75,0.18534496131772055,0.18424446060231242,0.5071927077214663,0.9940624190289067
2.767,0.18985563871372677,0.1921969813227672,0.5135035643087078,1.0123322258159044
2.783,0.19173590038163446,0.19092426478941915,0.5148764553461588,0.9957669085935403
2.8,0.1968601536561387,0.1931553508709884,0.5132249811115961,0.9811805349313015
2.817,0.19595085357460906,0.19021032109216185,0.5147655246099074,0.9707042231369435
2.833,0.19595886787125788,0.19460403967267612,0.5123136608372496,0.9930861603085406
2.85,0.19223803255380362,0.19352777617918682,0.5062329268044929,1.0067090970930648
2.867,0.19517500967922174,0.20012799057164654,0.5166861889334095,1.0253771264085767
2.883,0.1949602713717952,0.19578193348002268,0.5168321967780174,1.0042145104869111
2.9,0.19534683781392312,0.19587800187439416,0.5176074536720259,1.002719081948882
2.917,0.1920470461585485,0.1927888855488213,0.5079003222993913,1.0038628003143582
2.933,0.19078373284193795,0.19310882473192592,0.5064839883366143,1.0121870552344958
2.95,0.20023973950444218,0.1956507672549579,0.5152599815557661,0.977082609771461
2.967,0.20064435998523117,0.19679532377364842,0.5154069716945169,0.9808166239416545
2.983,0.19575602359989344,0.19607835809918944,0.513295782591673,1.0016466134393638
3.0,0.1911219827431234,0.19492102885617157,0.5130502989635644,1.019877598895331
3.017,0.19575069216138635,0.21098490251161073,0.5107480469927796,1.077824554191944
3.033,0.19953547631857751,0.20335748512654014,0.5147266361685574,1.0191545327100653
3.05,0.19835186331057883,0.1988185547673576,0.5146181512851353,1.0023528463458296
3.067,0.19447070803135424,0.2027194108717894,0.5138361459990852,1.0424161711752766
3.083,0.1939343245219586,0.20469742650855755,0.5136100245978121,1.0554986953089898
3.1,0.19580149786197576,0.20453700848245307,0.5141623199607899,1.0446141153967838
3.117,0.19818046620544527,0.2013926776279306,0.5151028442132264,1.0162085168331139
3.133,0.20229122333337446,0.21698358238202103,0.5172452794502844,1.072629740463004
3.15,0.20528909174994656,0.21543013754504928,0.5169902209999069,1.0493988536295689
3.167,0.20538391422540667,0.20546127619067772,0.5213502993497899,1.000376670030673
3.183,0.2055478391735853,0.20575860648403344,0.5217721340550121,1.0010253929756476
3.2,0.20455264430957334,0.21774366316466662,0.5210907717629591,1.0644871587928717
3.217,0.20310820639690985,0.21508496336188962,0.5188100479667532,1.058967371025743
3.233,0.2036501671194172,0.21619954107827688,0.5184094012108489,1.0616222129172177
3.25,0.19900872274076503,0.21801796099609946,0.5153458501839011,1.0955196234292528
3.267,0.18533548776650546,0.2185026250101087,0.5003195478874338,1.1789572933025583
3.283,0.19017685533208908,0.22174642696434782,0.5019840290767394,1.1660011234128969
3.3,0.1918531600329873,0.21742077393643275,0.5020725143636352,1.1332665768916672
3.317,0.18444359215783304,0.22447417840904793,0.5015547447967932,1.2170343018312053
3.333,0.18294917156398746,0.22159474400824852,0.5023107588149789,1.2112366626964723
3.35,0.18892701512865126,0.22003529466836538,0.5038652529939514,1.1646576563893243
3.367,0.18633533883063497,0.21743878479628478,0.5017374050475849,1.166921884817139
3.383,0.17768688030248805,0.21844467505576892,0.4967819982608951,1.2293798770280406
3.4,0.17966023350379123,0.21842123867343138,0.496392348530439,1.2157461582550053
3.417,0.19522967799841284,0.2262883625986882,0.5103788849726036,1.1590879261734368
3.433,0.1915696747466445,0.22750781507525383,0.5021286632752967,1.1875982739759745
3.45,0.1892171352684331,0.22946977946434255,0.5030554977011124,1.21273255267714
3.467,0.18168739944258705,0.22730146551218255,0.5021282256249211,1.2510579501359944
3.483,0.18593646865549956,0.22179501645690736,0.5049655413560028,1.192853763765117
3.5,0.17395701455893317,0.22808958781266972,0.4980721384170083,1.3111836184990258
3.517,0.1791021378301198,0.2280562132492973,0.5018589891699347,1.2733304918203208
3.533,0.1747646190942501,0.23035042709547784,0.504646902123506,1.3180609913454535
3.55,0.1783632529417593,0.2315414643577182,0.5105237282954788,1.2981455571082408
3.567,0.17584066214860877,0.23494749706649715,0.5001964282770619,1.3361386052330446
3.583,0.1821995089943212,0.23166780117075664,0.4998642424248009,1.2715061772091674
3.6,0.18465918369842427,0.23158891225326417,0.4968190288752712,1.2541424023160586
3.617,0.18482146544057793,0.2381605019514738,0.49790388009510356,1.2885976278986109
3.633,0.1787799502988109,0.23020803349718585,0.490465494553304,1.2876613575091536
3.65,0.182810258163737,0.23169046677780109,0.4977512558510684,1.2673821978320479
3.667,0.17904062983388186,0.2387642951090766,0.4940379116305803,1.3335760454518495
3.683,0.18093748962088,0.24042738308103617,0.4968900600409558,1.3287869948058078
3.7,0.17945533752306841,0.23568029479040942,0.4925783246364382,1.313308915986483
3.717,0.1801111989284318,0.23906652278897852,0.48988553447727823,1.3273273633805134
3.733,0.18167982253554582,0.23903452674746237,0.49682416427103515,1.3156911065382346
3.75,0.1771722431502556,0.24101935465442645,0.48974547340041386,1.3603674614540135
3.767,0.17621716581088848,0.24196437815948538,0.4903165619347343,1.3731033355692206
3.783,0.1696685258555449,0.24346589886843542,0.489389829190304,1.434950281089383
3.8,0.17473497364951554,0.24325504878778245,0.4903354005620354,1.3921371532393103
3.817,0.1671989995643479,0.240327779181658,0.48833674353210954,1.4373757008585804
3.833,0.16596553362253882,0.23860988787990212,0.48088309649662286,1.437707472580306
3.85,0.16651235998474065,0.2395358057776766,0.48134435063900616,1.4385466988734523
3.867,0.1535090157702097,0.24700038299969176,0.4719096115696425,1.6090285105431912
3.883,0.16095695254964132,0.24644894543589665,0.47928220011717293,1.5311481829894142
3.9,0.153728182759307,0.24075774673091926,0.4808868244658855,1.5661262782756946
3.917,0.15264532762781113,0.24459006357419877,0.4795965386525657,1.6023422883311091
3.933,0.15745292155536,0.2479169740526979,0.48188361680165703,1.5745466746739978
3.95,0.1638625077568565,0.24775406275353062,0.48912411062889205,1.5119630850588142
3.967,0.16690022644929697,0.24415900141415225,0.4919048889559803,1.4629039553060517
3.983,0.16641834102262512,0.24265997729205702,0.49084523149821213,1.4581324137768361
4.0,0.159479480891119,0.24831759274667836,0.4879748369708836,1.5570504202745152
4.017,0.15737331153686435,0.2477708510792419,0.48716817351300123,1.5744146746330754
4.033,0.15212503492840265,0.24424060247885837,0.4772793802947847,1.6055253666420504
4.05,0.15521198315575374,0.24675443842405054,0.478833609267114,1.5897898693584427
4.067,0.16315103725801436,0.2437568768773017,0.4816178409384899,1.4940565562682488
4.083,0.16309910096158495,0.24222998618209735,0.48322171421228216,1.4851705788320086
4.1,0.15785611266449034,0.24443046627552825,0.47824828111063844,1.54843839842328
4.117,0.15433187269390042,0.2406666141513596,0.48735409362179277,1.5594096666519057
4.133,0.15813336062726557,0.24022915998289396,0.48173895343348294,1.5191554712426274
4.15,0.1557097244000039,0.24480350508874021,0.4773869139221998,1.5721786550714238
4.167,0.16070777551946439,0.24701290956645205,0.48419092732545477,1.5370314769650624
4.183,0.16440046553472945,0.24595374357980887,0.48601543724118035,1.4960647634410218
4.2,0.16268216300908506,0.2458107343612081,0.48798265018643205,1.510987620366719
4.217,0.16893418522500736,0.24269662389793817,0.49339379587083054,1.4366341754612004
4.233,0.15829890747128583,0.24128055027486295,0.4882784920792321,1.5242085629594717
4.25,0.16695768578239614,0.24227908028607598,0.49173153694653554,1.4511406237497193
4.267,0.1697159425798616,0.24383296766314194,0.4898035325908317,1.4367122142836037
4.283,0.17017099833741206,0.24598389014409205,0.4921344786076446,1.4455100607470113
4.3,0.16275903708342426,0.24676025402272,0.49506042382476384,1.516107851487471
4.317,0.1638959699064787,0.24639551296500883,0.49334184275095005,1.5033652938849291
4.333,0.2005692206894993,0.24782517953281297,0.5142401246086852,1.2356092259862268
4.35,0.20256889319537943,0.24982453054739256,0.5165256264609137,1.233281806533023
4.367,0.21367244502012847,0.251464119801643,0.5278068524309607,1.1768673297015648
4.383,0.21289072061474268,0.2437833793997844,0.5294315731953956,1.1451104054504402
4.4,0.2211585956390265,0.25093079555908826,0.5268317935829326,1.1346192303041014
4.417,0.22707297623573242,0.25199839408249225,0.531877009250832,1.109768314398116
4.433,0.23712441973665244,0.2559067498156689,0.5373861513996236,1.07920875504883
4.45,0.23221382620067355,0.2559531361795244,0.5366920681845723,1.1022303898405081
4.467,0.23446842966040632,0.2551160333118295,0.5419345314432219,1.088061338071519
4.483,0.2313426687800923,0.2542054735398292,0.5386791109341416,1.0988265799832613
4.5,0.23446103361898776,0.25153296216169735,0.5423666885731331,1.0728135003040737
4.517,0.23355268951850094,0.25374597086003414,0.5419511742483615,1.086461352182089
4.533,0.23800776535341375,0.25369260096339097,0.5462957660740164,1.0659005204585954
4.55,0.24121232722503333,0.25274730016456637,0.5468037473071918,1.0478208268716374
4.567,0.23868064389799346,0.2506301441987731,0.5442145872810364,1.0500648067041691
4.583,0.23976287696074855,0.24986650212041775,0.5480658507138063,1.0421400730911452
4.6,0.24014021442610517,0.2527511812555041,0.5473530956608539,1.0525150144449442
4.617,0.23981817137304562,0.2553876024247229,0.5441269306883363,1.0649218154009628
4.633,0.23597979469133668,0.26302866161197636,0.5389688900865861,1.1146236564703338
4.65,0.24067660729199,0.26493691566937266,0.5402830332780146,1.1008004419305693
4.667,0.2447440955362681,0.25800632700697523,0.5461161050004457,1.0541881569875986
4.683,0.24071218102227515,0.25619810619312905,0.5475776434752031,1.0643337827985566
4.7,0.24492327478012949,0.25542235311011346,0.5567180976477337,1.0428668052858967
4.717,0.24694130623399724,0.2561487686126703,0.5577238230687098,1.0372860357754332
4.733,0.24126928420605462,0.25794529327119226,0.5508083682407633,1.0691178287365233
4.75,0.24417178736441286,0.25318692291565476,0.5553697698456577,1.0369212825468133
4.767,0.24739991747856754,0.2621696363187317,0.5525294090582704,1.0596997727028088
4.783,0.24628905476394844,0.26129796606866335,0.547009643402859,1.0609402286232328
4.8,0.24222287032535428,0.26072297810572176,0.5483949002599395,1.0763763873969379
4.817,0.2443780617797246,0.2589570467829562,0.5470285208640048,1.0596575032024467
4.833,0.2479295378859008,0.2659308152108768,0.5489460655459586,1.0726064247062823
4.85,0.242235236460391,0.26693841734008145,0.5466173824689158,1.1019801298962952
4.867,0.24993522617118258,0.26055110684094024,0.5524555081355829,1.042474527630158
4.883,0.2454398242404558,0.26330337541306786,0.5487865897378634,1.0727817958144856
4.9,0.24713297061882827,0.26053907321375863,0.5479617913780103,1.0542465157982
4.917,0.24065559020623123,0.2609971844189422,0.5423596944134585,1.0845257498289531
4.933,0.23912956828054002,0.2605241338721123,0.5408491162707344,1.0894685075769166
4.95,0.24292405598680655,0.2639179824560431,0.5437447331857501,1.0864217682516248
4.967,0.24636759046724252,0.2648096050534269,0.5456201827574627,1.0748556843503994
4.983,0.24896381647402627,0.26602341388329037,0.5534913922044297,1.068522396751754
5.0,0.2508179801179949,0.2652817740025515,0.5546403069510357,1.0576664953515384
5.017,0.2467818427202799,0.2583920664713692,0.5541593111539894,1.0470465072434407
5.033,0.24456373943030654,0.26103165642080084,0.5514913380718554,1.0673358897310579
5.05,0.24667783966510592,0.2565171461524223,0.5550370681049215,1.0398872736224478
5.067,0.24785381196689588,0.2647689179342917,0.5514361613775907,1.0682463014514985
5.083,0.24661107370356705,0.26687517302642483,0.5483282320120202,1.0821702732911975
5.1,0.25357197486306376,0.26664634580405566,0.5569708956558965,1.0515607884035783
5.117,0.24749347462033502,0.26696407969750136,0.5503078868171305,1.0786711856021054
5.133,0.24074909097941669,0.263279059918372,0.5437249061695681,1.0935827788478818
5.15,0.23960637926464212,0.26776192955980704,0.5422861970165769,1.117507515374069
5.167,0.22889188000830418,0.2669782913118447,0.5318156247066745,1.1663947681418787
5.183,0.23213410380701205,0.2679273155118727,0.5352619048995728,1.1541919567950165
5.2,0.23373677041665109,0.2661946485711975,0.5365616096823707,1.1388650921148955
5.217,0.23567030225505084,0.26568392309166927,0.5404899413082892,1.1273542765016553
5.233,0.2264455729420444,0.26080510923795175,0.5362368355960418,1.1517341931197798
5.25,0.22367076974853636,0.26048970042341213,0.5360203818267009,1.16461216955738
5.267,0.2275428570655175,0.2705990880981553,0.540552000981708,1.18922251213643
5.283,0.22350934334149758,0.27093140502800034,0.5384021849869269,1.212170377209006
5.3,0.22609680177820818,0.2701117117185259,0.5406541221084755,1.1946728551405807
5.317,0.23065519903373888,0.2682014293547999,0.5430928231001196,1.1627807674760844
5.333,0.22946638879382628,0.2658661206476226,0.5418270220857548,1.1586277277693213
5.35,0.2295165470639211,0.2684498126165574,0.5397665156580143,1.1696316280925632
5.367,0.22996823714510997,0.2677650713538294,0.5417126876925953,1.1643567593418112
5.383,0.23197011016399116,0.26725608344293195,0.5444398675804758,1.1521143101324365
5.4,0.23181010416013093,0.26234815450927973,0.5412357903628817,1.1317373565737825
5.417,0.22083711698883793,0.2665076930354686,0.5381151987039916,1.2068066123546572
5.433,0.2237719519709605,0.26041833644027884,0.5369897291549601,1.1637666568421141
5.45,0.2201999610629459,0.26139910580454495,0.5355742648020698,1.1870987830457516
5.467,0.21911841470660498,0.2680112008414937,0.5335331115857518,1.2231340811786866
5.483,0.21512777981884346,0.26711001753063107,0.5303189213019581,1.2416342406153276
5.5,0.2168040798253188,0.2689784568372767,0.5327456746849346,1.2406521918498736
5.517,0.21382390996784242,0.2708963750321727,0.5299468008772433,1.2669133918321553
5.533,0.2207937659743338,0.2806903883579909,0.534920439668147,1.271278593937384
5.55,0.2186908714795821,0.2749494174712428,0.5329864805266458,1.2572514600679765
5.567,0.21042534645149288,0.2793714245036627,0.5372149387443312,1.3276510136009838
5.583,0.20819475526134312,0.26242689494444554,0.5296196031319708,1.260487540212172
5.6,0.15075732242521678,0.27807208090758667,0.5016769170220089,1.8445013246074626
5.617,0.14411022770287263,0.2637551969959261,0.5085844618676048,1.8302323242437601
5.633,0.09906577451721535,0.26387735090244235,0.4787394677904251,2.6636580815969553
5.65,0.0994143203011025,0.2717607044414094,0.47912410723162163,2.7336172859031813
5.667,0.08277671981781329,0.25520178564693263,0.48028751557694815,3.0830139948601105
5.683,0.09472416695062608,0.25653847856965395,0.47934164161126325,2.7082685108581823
5.7,0.10220223248735008,0.2575044162586557,0.4909213547298553,2.519557645578123
5.717,0.08923095840052817,0.2509045188651102,0.49026683439916074,2.8118550261321085
5.733,0.09940391830346985,0.25179079954125644,0.4945410837609201,2.533006785231194
5.75,0.1404740512802476,0.2538604969030894,0.5198404521508606,1.8071700402278168
5.767,0.14583603503705825,0.25375344218151025,0.5196857025370826,1.7399913685052477
5.783,0.1554082642115624,0.24963757474589696,0.5294324889564506,1.606333974659527
5.8,0.16141648915360562,0.25031222404489695,0.5291201165106822,1.5507227629433646
5.817,0.16947052375336535,0.25838297747866673,0.5258435848636983,1.524648486097192
5.833,0.18684637550481445,0.25976117160559226,0.5339356241953369,1.3902392856365524
5.85,0.2197600420895419,0.25550507386332233,0.5640981024224391,1.1626548276652404
5.867,0.1961978536556434,0.2539217879969971,0.5366938133292007,1.2942128737181184
5.883,0.2308134374139999,0.25322007863471835,0.5715195841679224,1.0970768490420626
5.9,0.21598663339801563,0.26022675552311914,0.5532058912798992,1.2048280554638708
5.917,0.234473822653869,0.25652362228476616,0.5685898070111858,1.0940394939670819
5.933,0.21094489877595174,0.2606321068457993,0.5467253821066983,1.235545909657769
5.95,0.21599688646021103,0.2539994831045225,0.5552767836420266,1.1759404835278122
5.967,0.2103051956721108,0.2596270786778539,0.5345454385287435,1.2345252709906482
5.983,0.21182634690583785,0.2592976800029992,0.5385519319070717,1.2241049510156712
6.0,0.20932437938770238,0.25499434617835687,0.5292156794217782,1.2181779634280743
6.017,0.2135283436629033,0.25820701147467434,0.536056173624426,1.2092399868108619
6.033,0.22980415541352736,0.25866256765735024,0.5543166417721295,1.125578287267664
6.05,0.21231571251811474,0.27044059676248294,0.5383708463395855,1.273766286795232
6.067,0.21720139942650973,0.2607301272061649,0.5374740954098856,1.2004072160427453
6.083,0.2111287871240408,0.2710792883249838,0.5327035513817198,1.2839522834265198
6.1,0.21983660687966444,0.26596208337978955,0.5397302775045535,1.209817087130414
6.117,0.21741078937450792,0.2592646280577709,0.5397218106003978,1.1925104030194487
6.133,0.21464992313971876,0.2629692360915382,0.536951446581411,1.2251075250577552
6.15,0.22377188143925147,0.25999001531374394,0.5434178562521692,1.161852926478275
6.167,0.21140949146497956,0.261284229666502,0.5323547136429418,1.235915321757369
6.183,0.22762855416401295,0.25520421753788775,0.5496891325837842,1.1211432523267961
6.2,0.22100098024675924,0.2549693319681673,0.5354062965711053,1.1537022672183652
6.217,0.21889174741023226,0.2480950485651659,0.5411251582695833,1.1334143543575572
6.233,0.2217431559358839,0.25353238626424757,0.5512030245481994,1.1433605929986645
6.25,0.21393574547815927,0.2560057510858057,0.5430281102220926,1.1966478557083458
6.267,0.2180287622793363,0.256617523932383,0.5378138113587903,1.1769893166829393
6.283,0.21250106957889653,0.2580654467228832,0.5371458226682524,1.214419519084207
6.3,0.22182732502451663,0.251613796868974,0.5368598803893216,1.1342777398643984
6.317,0.21958180814413897,0.25172916518066424,0.5324309238328914,1.1464026428611196
6.333,0.21893391029152373,0.25678159633580727,0.5371806410588998,1.172872653641855
6.35,0.20987880739108733,0.25858672211536693,0.5332378758388548,1.2320763841273286
6.367,0.21377334293410788,0.2576629898681426,0.5317044001514941,1.2053092604140219
6.383,0.20746417008158902,0.25777968933436396,0.5327585176893169,1.2425263081957114
6.4,0.2017647236598074,0.25792705898384166,0.5285764890846969,1.2783555732900502
6.417,0.21948778375302405,0.25238379971087793,0.5434509842067299,1.1498762955977073
6.433,0.20184619060598158,0.26101270239704955,0.5207192153264053,1.2931267199714722
6.45,0.2123701839555731,0.25887512117064626,0.5294722264208229,1.2189805383640944
6.467,0.20581431980764842,0.2625772600081895,0.525972330647741,1.2757968456888278
6.483,0.21877760049929185,0.26114887998194286,0.5412980486630325,1.1936728412138708
6.5,0.222385878036727,0.2602754890972477,0.5425745018566211,1.17037777486151
6.517,0.21591846314271823,0.2625324318492605,0.5402951867814793,1.2158869048439422
6.533,0.22678478270256816,0.2600719491379809,0.5493003946381596,1.1467786596557907
6.55,0.2071007599370776,0.26878586078175426,0.5354701892681565,1.2978506735727002
6.567,0.22331752872058117,0.2610691531635555,0.5435898098182734,1.1690490874552433
6.583,0.20787327253286897,0.27279269080060353,0.5280859211084387,1.3123028635510103
6.6,0.21600010292741922,0.26951716076069876,0.5346230843631171,1.247764038572067
6.617,0.2170322622436044,0.27025509487288313,0.5345794326085075,1.2452300504960854
6.633,0.20690585840476922,0.2702705834634527,0.5240789120657474,1.306249061999604
6.65,0.20455645551391366,0.2710556557831304,0.5209947166439151,1.325089717174404
6.667,0.20759021744316855,0.26443145844370464,0.5253700617859636,1.2738146416562108
6.683,0.20305513503241313,0.2639600683863207,0.520442148199963,1.299942837417953
6.7,0.20657681749041307,0.2663339865912809,0.5256490702265111,1.2892733551945685
6.717,0.20436363083185405,0.2642412003590404,0.5261522654962727,1.292995232485629
6.733,0.20373485038972564,0.26127362578349683,0.5189471275264883,1.2824198966632607
6.75,0.20601188491711062,0.2605996475715004,0.5194482589839567,1.264973851757889
6.767,0.2050423240153307,0.26782750211544176,0.518578443108043,1.3062059426102521
6.783,0.2091677350658907,0.2694220082103786,0.5213987826674499,1.2880667667291372
6.8,0.20762021065982667,0.2804378146519866,0.522652184939495,1.3507250270132285
6.817,0.21373827126931844,0.27470889734575166,0.5266011981478721,1.2852583475778556
6.833,0.20992077587396102,0.27257627871388007,0.5195196542726477,1.2984721382581883
6.85,0.21500711083453505,0.27028169864476,0.5250545464347263,1.2570826034342795
6.867,0.20215115043456927,0.2812236099022577,0.5162195966201546,1.3911551297022273
6.883,0.20839667429626282,0.2754992904118009,0.5215732504699614,1.3219946591860818
6.9,0.20120000375708053,0.27764341510552437,0.5131064715564906,1.3799374250546141
6.917,0.20490655707133815,0.2682826723224251,0.5205264570433557,1.3092927632814726
6.933,0.20365119346412458,0.26676935001258045,0.5184928743393473,1.3099326621897496
6.95,0.21414989492487263,0.27165957194399265,0.5249661960961175,1.2685487052855915
6.967,0.21256475347439246,0.2760970381124186,0.525655733363338,1.298884380404486
6.983,0.2066637733627324,0.2751682718908605,0.5169079566898169,1.3314780206199484
7.0,0.2048567078137845,0.27007112715666776,0.5100029733003142,1.3183416351792756
7.017,0.19987700178935752,0.2802265838904851,0.5103046705772245,1.4019951339164314
7.033,0.2022402239618759,0.26801909954954495,0.5096071836562265,1.3252512002759103
7.05,0.19716894626447817,0.2604837084990947,0.5025743184640872,1.3211193417328886
7.067,0.20298975236029415,0.2775430091956796,0.5057740069947928,1.3672759632863538
7.083,0.20041471826973206,0.27751157504416235,0.506327372441133,1.3846866010642391
7.1,0.19656095516463695,0.2827350806593248,0.5078034423091511,1.4384091714578284
7.117,0.1970238626225128,0.2814275879719015,0.508717866744878,1.4283934150205029
7.133,0.20053502391621286,0.28195327437589784,0.5088317959005311,1.4060051399984024
7.15,0.20567574573970399,0.27515888113272907,0.5140864780706662,1.3378285326893162
7.167,0.209054357834933,0.28757605680690174,0.5090316157009553,1.3756042198075995
7.183,0.20944068338670668,0.2882399350887263,0.5078195022737791,1.3762366051705743
7.2,0.20590157859743435,0.28286122869128966,0.5131179539172062,1.3737691115245012
7.217,0.20387038989643247,0.27939346758953976,0.5061480159024229,1.3704465260083798
7.233,0.2011194506866205,0.28306813565742295,0.5119155936572929,1.4074627525633656
7.25,0.19517159268066525,0.28396700569434863,0.5038875615501859,1.4549607440001175
7.267,0.19942229784645063,0.2815125171015374,0.5080655812345249,1.4116401232037445
7.283,0.19969762214871375,0.2796111394126046,0.5063979379588053,1.400172602978616
7.3,0.20439637531687727,0.28179823601309767,0.5100800708962123,1.3786850944701132
7.317,0.2102646850460253,0.28184582570963485,0.5163466184850796,1.3404334905214397
7.333,0.20938231813885416,0.28027500073907113,0.5182801648502492,1.3385800827422483
7.35,0.20883533395374704,0.28531316175306903,0.5120469279988891,1.3662111499592322
7.367,0.21370342712747803,0.28004251584273254,0.5213034131005889,1.3104259468692658
7.383,0.21646494131953667,0.28485297491151257,0.5215086115702944,1.3159312227425517
7.4,0.2123308459351701,0.28830363380629476,0.5169260267665786,1.357803820431823
7.417,0.2033435763303988,0.27833417114727066,0.5095836957592481,1.368787626194913
7.433,0.2017455203852639,0.28187798308350587,0.5069102067589915,1.397195747123489
7.45,0.19864210472427019,0.28203079902847683,0.5087774820984274,1.4197936505956592
7.467,0.18718983291119623,0.27350950470484425,0.5007600774916302,1.4611344027140538
7.483,0.19911046496958124,0.2740215979906243,0.5128091953194105,1.3762290095223648
7.5,0.20409964074848916,0.2633499427456204,0.5292641449411576,1.2903008637342241
7.517,0.196726084276644,0.2726830503443864,0.514892887935593,1.3861052099269595
7.533,0.19773355350920127,0.2700169971074846,0.5131345997136486,1.3655598269259837
7.55,0.1934250838827578,0.27383199685890647,0.5092278091864315,1.4157005459792706
7.567,0.18187893489878762,0.26929451653517344,0.5031835269816539,1.4806251019945276
7.583,0.18781942515315886,0.27615730441731773,0.5053229566502736,1.470334094527885
7.6,0.1934940749718299,0.26971833928461025,0.5195326730598172,1.3939359090136354
7.617,0.18898171426446297,0.2701620072826337,0.5133393980116846,1.4295669204511827
7.633,0.19160413667413037,0.27071291125220914,0.5178781579709504,1.4128761307101765
7.65,0.1917748355039885,0.2700780997238886,0.5088512719084768,1.4083083372962744
7.667,0.18634545694697896,0.27417088341378293,0.5129405918694233,1.471304360759345
7.683,0.18155601598724747,0.27882496253987205,0.5041197707858215,1.5357517129008647
7.7,0.1789923097094746,0.27673819534589805,0.5047836691564624,1.5460898615983916
7.717,0.1862470423928581,0.2790965153460497,0.505259876216945,1.498528576670445
7.733,0.18804122616005653,0.2751926621080732,0.5105637827959684,1.4634698343959707
7.75,0.19272632184626762,0.2751738093967733,0.5109824345685516,1.4277956781444296
7.767,0.1898996069880715,0.2706711923498081,0.5054735507166488,1.4253383492616192
7.783,0.18969037233904562,0.2718840359626096,0.5046691409379119,1.4333043507166197
7.8,0.1885980288786486,0.26872201287878417,0.5025906780616566,1.4248399862741434
7.817,0.1790445875401575,0.28038147560576293,0.49888673014459434,1.5659868832554171
7.833,0.1803616172202569,0.2760757952118733,0.4993128080485893,1.5306793067547773
7.85,0.1802465035799257,0.2812192958776651,0.49968070068537085,1.5601927931598718
7.867,0.18364880488944338,0.2799830854342573,0.49882885462939625,1.5245570784019378
7.883,0.18683869675849218,0.2763228875232156,0.502258128488831,1.478938208825074
7.9,0.18565777124634214,0.28304991349318054,0.4988233562185813,1.524578861380451
7.917,0.18944241501596742,0.2874097417922386,0.4983733964285726,1.5171351239795685
7.933,0.18928778479904396,0.28538948500522526,0.49599964721182854,1.5077015419046031
7.95,0.19319816411439178,0.28815141343119516,0.49938376607982005,1.4914811160450883
7.967,0.1960017081061956,0.28106197709645936,0.512296251910975,1.4339771821997453
7.983,0.18686049470221638,0.2796974068096202,0.5051820529815086,1.4968247154399867
8.0,0.18574795838668323,0.2794209912509124,0.4997005894819704,1.504301816708123
8.017,0.18679670413160088,0.277587142271055,0.4989845550800225,1.4860387583471013
8.033,0.18412463573656168,0.28573519332874425,0.49523153754670923,1.5518574805902834
8.05,0.18486730116790423,0.27890217168366777,0.4979562067456514,1.5086614556587112
8.067,0.18822746506133758,0.28867552203344027,0.5032659809482896,1.5336524982651694
8.083,0.19268055513096805,0.2823448358903699,0.5087894431942432,1.4653519951634746
8.1,0.1872781302944721,0.28733611001206805,0.504560431376845,1.5342747685502143
8.117,0.18560455008288756,0.2787202158745366,0.5025391705031529,1.5016884863548081
8.133,0.18720086486879248,0.2809197966968857,0.5057247705752599,1.5006330066572078
8.15,0.18889794784682185,0.27836946580955596,0.5041028703957009,1.4736500262844938
8.167,0.19053402555886367,0.27682453403131513,0.5042668217043103,1.4528876573060847
8.183,0.18929638791134007,0.27845078548656615,0.5033957025975861,1.4709778065970438
8.2,0.18299629569687936,0.2792729752417865,0.4972201231411951,1.5261127236388587
8.217,0.1853853178439071,0.2820009102901163,0.503523076692644,1.5211609720223838
8.233,0.1907998609146337,0.28852151723694835,0.5037129168078951,1.512168383424748
8.25,0.18984859801568543,0.28544894772965773,0.5030517073723031,1.5035609992024999
8.267,0.18560311848738614,0.28000917709924394,0.5044274505080244,1.5086447866891513
8.283,0.17853181440616156,0.2794806807330878,0.5002815104574939,1.56543908805669
8.3,0.1882033651423901,0.28286132305167055,0.5040599474087483,1.502955714089727
8.317,0.19062203712214032,0.2848319201897816,0.5028592991593055,1.4942234617253443
8.333,0.19811602509946397,0.2930450708095345,0.5054707923988063,1.4791588447346018
8.35,0.1955387914319254,0.29305046450800104,0.5031762527082912,1.4986819871494563
8.367,0.19788061077825514,0.2817431182085577,0.508047536652688,1.4238035606443464
8.383,0.20398954834927607,0.2862835382101383,0.5119582908773586,1.4034225798664761
8.4,0.19172124073050023,0.2930190282143233,0.5019835888628115,1.5283597534517102
8.417,0.19035859151561327,0.2919966518722208,0.4967334613767056,1.5339294620083965
8.433,0.20228530170515402,0.2910476164234767,0.5067927879102485,1.4387976485197151
8.45,0.2004547760580433,0.2899206768846053,0.5060255787809367,1.4463146380740584
8.467,0.19979131537248357,0.2865329554828604,0.5043506525607202,1.4341612144084386
8.483,0.1994622372267279,0.28096619670564593,0.5033575197877154,1.4086184964739608
8.5,0.19738814693902446,0.27889156936385534,0.5032445109889955,1.412909405598748
8.517,0.19283680791271923,0.28335903844186444,0.4931086766080872,1.4694240249512784
8.533,0.19358695028606432,0.2943300864845974,0.49473797024129806,1.5204025170584303
8.55,0.1910784418143232,0.2846533659758532,0.49755949139264766,1.489719945761645
8.567,0.19251462997688262,0.28328966092779906,0.49950023728497495,1.4715227666687816
8.583,0.1953238739669023,0.2922584862375029,0.5026025414306841,1.4962763143179632
8.6,0.19489199677308686,0.2919864762180864,0.5005350866923303,1.4981963397811908
8.617,0.19183231908674617,0.28515570313851013,0.4920349629851837,1.4864841570807645
8.633,0.18925363626713815,0.28564331109014385,0.5029402599040819,1.5093147837167487
8.65,0.1928391043285403,0.2888174443370637,0.500610597715086,1.4977120192645417
8.667,0.19325563267616758,0.28063436535140773,0.5027884484205946,1.4521406774293506
8.683,0.20144021642663923,0.2802709716431098,0.508207292772932,1.3913357353107256
8.7,0.18144925432257658,0.28032811606271474,0.49399317685583743,1.544939476931404
8.717,0.18435725740108255,0.2822746691962528,0.4996467357951792,1.531128598762694
8.733,0.19325919596059776,0.27726082857133183,0.5051127868229023,1.4346578810555568
8.75,0.18884505198438517,0.28051116553168526,0.5018366059245853,1.4854038407894297
8.767,0.18334704794041518,0.2860261408932584,0.49719272504886103,1.5600258859156122
8.783,0.18219951111961347,0.2861526218225252,0.4940945472636842,1.5705454974281836
8.8,0.19076568339407032,0.28887399670831243,0.5007133933205273,1.5142870120491057
8.817,0.18850560071553024,0.29204052460779695,0.49793910236011674,1.5492405716290045
8.833,0.1902202641853424,0.2912580706522705,0.4923146815609289,1.531162160349442
8.85,0.19135955772478036,0.29050173370906696,0.4923697415537789,1.5180936722631653
8.867,0.19467863470072758,0.2834480667519253,0.5045437978593501,1.455979322988677
8.883,0.19250906156515385,0.2842858589462453,0.5035969675270393,1.4767401421778268
8.9,0.1962268700104619,0.2894684352516972,0.5086196601802064,1.4751722597229628
8.917,0.19434007157192312,0.2758843940458182,0.5121022319597237,1.4195960298579824
8.933,0.19162894951805282,0.27993581812318347,0.5099330747465635,1.4608221713223528
8.95,0.18913522729476462,0.29187657361591046,0.5002304452886795,1.5432163420356637
8.967,0.19043634222095496,0.2929437302216527,0.4997477355469463,1.538276396223589
8.983,0.1938382272692361,0.287693612472525,0.504667207583541,1.4841944054354475
9.0,0.19502793839612315,0.2848684818836375,0.5019606793911718,1.46065473606678
9.017,0.18843749705885746,0.2826497432127054,0.4996925542228452,1.4999654931970428
9.033,0.19640418411938504,0.2907466525261949,0.5079637380504125,1.4803485670624177
9.05,0.1925040967051204,0.29368152286546967,0.504143230730427,1.5255858337151849
9.067,0.194054454199998,0.28920639523479597,0.5056536231698474,1.4903362895073342
9.083,0.18451363682075828,0.2780182761682722,0.4972901056988007,1.5067627572608464
9.1,0.18899986935331486,0.28698853735728036,0.5039644664878727,1.5184589192534639
9.117,0.1881509863395031,0.2861571018923458,0.49859623225959804,1.520890788082283
9.133,0.1935202265828153,0.2801605288925002,0.5074680896605367,1.447706701462588
9.15,0.19463596875318595,0.28767878284727333,0.5068221889078086,1.4780350450644255
9.167,0.18667974297509976,0.29434483608965234,0.4996508238117987,1.5767368831706259
9.183,0.18965116612445826,0.29882218254589005,0.49915444450325586,1.575641155561303
9.2,0.18846165439181664,0.283471082663885,0.5016448594847538,1.5041313501076525
9.217,0.19154116055987797,0.28704285597244955,0.5025686210769518,1.4985962032046718
9.233,0.19219851049580866,0.28760653204204667,0.5058505551709125,1.4964035428792701
9.25,0.18620004293924472,0.2866501985060289,0.5027368003906334,1.5394743952855054
9.267,0.18734008971376306,0.2736392928386862,0.5026034831048322,1.4606552887680353
9.283,0.18584928482524923,0.2755875901484181,0.5031140534584094,1.4828552631103649
9.3,0.18437512436030265,0.2726218327429522,0.5019623447737849,1.478625892125227
9.317,0.18898245115713813,0.2842011359909224,0.49964156160847273,1.5038493481842412
9.333,0.18243107039201667,0.2968135427538379,0.49686558064498654,1.6269900851649375
9.35,0.18319614177938615,0.2912082168212693,0.49549155436805525,1.5895979794812307
9.367,0.18044381357752548,0.2877227850340484,0.49454625480770786,1.594528398228692
9.383,0.2011535817372046,0.28501102916199256,0.5058013129028165,1.416882695801772
9.4,0.18457958465689683,0.28721926091583355,0.5011714462230076,1.556072744717283
9.417,0.18737453962366413,0.2845075652026894,0.506654227674425,1.5183896690239447
9.433,0.18650157001355014,0.2831173259158307,0.5033118378288968,1.518042587498116
9.45,0.18686753976697107,0.2815919949176887,0.5000144169361695,1.5069069527476073
9.467,0.1860896704742246,0.2820228986027945,0.4933848019061862,1.5155215111300748
9.483,0.18986955904320163,0.28256226928096106,0.4987412383233383,1.4881915284622784
9.5,0.17787403489896544,0.28289654429671035,0.4897481800144988,1.5904319281754582
9.517,0.18324311079286737,0.2856529717296325,0.49200846384840025,1.558874276329691
9.533,0.19196445647137583,0.2878385541273083,0.4996959573775581,1.499436715620469
9.55,0.18912821544659958,0.2896420567728237,0.4982445407358221,1.531458730728648
9.567,0.17916476136182286,0.28683894679737004,0.4942772566198226,1.600978588742121
9.583,0.18116670159935339,0.2837851799300945,0.4972715774835994,1.5664312339122886
9.6,0.18195777724623988,0.2918584285985816,0.4988516052127294,1.6039898542155486
9.617,0.1723614139232317,0.29247324102149125,0.49167513800432106,1.6968603028039462
9.633,0.18352341518881427,0.2858947875241297,0.5016913633713527,1.5578109595987673
9.65,0.17455966723994767,0.29389241385600257,0.4917601735373122,1.6836215289756569
9.667,0.19128932985395886,0.28743346839252687,0.5207659085639815,1.5026110897663236
9.683,0.19186660175592832,0.2867486714870112,0.5214171050794862,1.4945210310848236
9.7,0.19002815295150072,0.28815724203142606,0.5197426794140588,1.5163923742655647
9.717,0.2109000735518293,0.28125673293797543,0.537577616679425,1.3336018722101384
9.733,0.20008061364116453,0.27114921926806074,0.5272806889332772,1.3551998583648615
9.75,0.210103037517913,0.2713373492791401,0.5313092523555236,1.2914489599228491
9.767,0.20985738753369299,0.27739088109023663,0.5285804514628076,1.321806605667866
9.783,0.21837594917362102,0.285198975542958,0.5363311764009167,1.3059999355341505
9.8,0.22178579857574504,0.2863191659309542,0.5373430927983343,1.2909715940769286
9.817,0.220063468578789,0.2856389227544729,0.536534386200425,1.2979842797134047
9.833,0.2162938861355121,0.275977263373179,0.5317830957103253,1.275936496884032
9.85,0.22426180483739877,0.2852882913947767,0.5347276308719504,1.2721216241063664
9.867,0.2207346991864747,0.29283206138182144,0.5360932904124084,1.3266245065278093
9.883,0.22607363918036694,0.2901932984309895,0.5384776622130594,1.2836228915635157
9.9,0.22461857833006774,0.28405178860284375,0.5384317908518456,1.2645961465638045
9.917,0.22003073838698006,0.2802948314898458,0.5366329301682958,1.273889428107431
9.933,0.22337559030103987,0.28821880984973347,0.5367169529705773,1.2902878486467808
9.95,0.2187293583041547,0.2823189822209387,0.5336651780109158,1.2907228568208906
9.967,0.2122131690693751,0.2912536369086928,0.534705469822832,1.3724578836739318
9.983,0.21547478463163458,0.29194690029612824,0.5393135127384459,1.354900531842864
10.0,0.22680230714060845,0.2908421932624838,0.537077096441485,1.282359941260091
10.017,0.22361208299071733,0.2861866517050707,0.5380025035056679,1.2798353643391935
10.033,0.21788202683701846,0.2829839399007625,0.5319138875187115,1.2987943246573614
10.05,0.2168457356730999,0.2792948855578663,0.5268158546420512,1.2879888308198506
10.067,0.21100116775642824,0.279455832752876,0.5315532564645287,1.3244278964155745
10.083,0.2120952975779577,0.2765576756680163,0.5315627355857312,1.303931198976087
10.1,0.21790783572078146,0.2817578600781451,0.5333890791907645,1.2930138980370514
10.117,0.2302988287015491,0.29104904123935,0.5447430155136135,1.2637886301042758
10.133,0.23155063883985388,0.2857879609564644,0.5457223404402559,1.2342352514696469
10.15,0.21964200962225122,0.2845913490534466,0.5372497991015512,1.2957054506234837
10.167,0.22420961162081277,0.2844291738103543,0.5418461706883515,1.26858599751462
10.183,0.2303236411511726,0.28979333630521686,0.5503342694532725,1.2582005688031452
10.2,0.22945676010516974,0.28816409242062635,0.5492070564195211,1.2558535747151165
10.217,0.23612976452875328,0.28930230727935324,0.5529174027868768,1.225183567419876
10.233,0.23619645650520163,0.27936308271217625,0.5577499120580816,1.182757298080058
10.25,0.23786121050092196,0.278853314779414,0.5612270597718085,1.172336229989602
10.267,0.23628152588180784,0.28572751549353315,0.5532435359038608,1.2092672688954067
10.283,0.23593955072084746,0.2872959952143545,0.5541214539028724,1.2176678065911448
10.3,0.22878490738541674,0.2772492950348361,0.5470519546910659,1.211833849545744
10.317,0.23544870027234271,0.28461594384533834,0.554410262784725,1.2088235930634743
10.333,0.23398334329785586,0.28693343761223283,0.551425879366993,1.226298562829631
10.35,0.23632042230986777,0.2857725443320832,0.554720396873162,1.2092587747552892
10.367,0.2354239320341664,0.2838521286751213,0.5507592376636654,1.205706345240749
10.383,0.23836528649697053,0.28717009960151735,0.5591152587348074,1.2047479891966866
10.4,0.23839631257548033,0.2745947573455527,0.5604999433006421,1.1518414625587439
10.417,0.23685900737563192,0.27404257661572656,0.5622438617910598,1.1569860891172512
10.433,0.2345351826583537,0.2788118508022377,0.560238622594048,1.1887847598898695
10.45,0.2423518052109433,0.280018181637466,0.5603447988735439,1.1554202428727025
10.467,0.242444220049286,0.2723135609126465,0.5686263370288409,1.1232008783599314
10.483,0.24388939559854284,0.27660858873511024,0.5718464365998404,1.1341558662535096
10.5,0.24246984896939672,0.27636244773413077,0.5691013322072057,1.139780673385959
10.517,0.23815186607887004,0.28108773181410035,0.568042249173875,1.1802877568929526
10.533,0.23579625573713614,0.2784998847118927,0.5685912031514253,1.1811039316178211
10.55,0.23604221622354932,0.28910061905679035,0.5671105073479947,1.2247835310230728
10.567,0.23659884370897666,0.2885279843077339,0.5611894480738162,1.219481802128465
10.583,0.24311465698048845,0.2847589886330262,0.572597708048247,1.1712950266749238
10.6,0.23118943506739417,0.2796405935183342,0.5635411794883802,1.2095734108127216
10.617,0.24230524357983588,0.285343662957075,0.5656504044500656,1.1776206686301387
10.633,0.23962100305339135,0.2808937916349645,0.5707855214329371,1.1722419489763045
10.65,0.2395219441786635,0.282790513006325,0.5682417662956205,1.1806455311476045
10.667,0.24120395310678863,0.276266508422059,0.5669724381884564,1.145364762325214
10.683,0.23657628405173448,0.2756483619954802,0.563009311757185,1.1651563600314283
10.7,0.23817425455782631,0.2716823503640747,0.5696066514037693,1.140687312608395
10.717,0.24269959465155244,0.2767055948970138,0.5771814149550898,1.1401156037952362
10.733,0.23535168987418242,0.28033105950413,0.5627625789594937,1.191115558396854
10.75,0.23956186655767164,0.28173863516764747,0.5631654754374799,1.1760579395044173
10.767,0.23475223032201858,0.2872440270193907,0.5669373586758601,1.2236051032416908
10.783,0.2362749862338106,0.28011652861843517,0.5689789162940038,1.1855530417478908
10.8,0.23940484856300678,0.2787143365152121,0.5697634463863369,1.1641967077448718
10.817,0.24598610014520367,0.2866883493047571,0.5734828659271287,1.1654656467805589
10.833,0.2357053362173582,0.28192944153332994,0.5664692872993811,1.1961097107845946
10.85,0.23712000163873262,0.2779753144958044,0.5623981272061029,1.1722980456086427
10.867,0.2403075571627598,0.28233531595862565,0.5688892165681818,1.174891540208203
10.883,0.2473002496063057,0.2899916290854352,0.5737451380114462,1.1726297468243272
10.9,0.24080652019391124,0.2883554146531608,0.5687040803308516,1.1974568397108203
10.917,0.2379864715434845,0.28199504310248164,0.5627855837930571,1.1849204758303076
10.933,0.23661339126382372,0.28292361940248245,0.563621295687865,1.1957210785547758
10.95,0.23529886546735823,0.27811184480886975,0.565385581282484,1.1819514907412536
10.967,0.24350078478503945,0.2779813979022389,0.5726320494310018,1.1416037042658351
10.983,0.2403348461415113,0.2769480553885731,0.5647848998184257,1.152342491465027
11.0,0.24830672834601208,0.2870592566948309,0.5679571334483119,1.156067169854607
11.017,0.2409361433011085,0.284836097866705,0.5631275371098483,1.1822057660760876
11.033,0.2376670801595566,0.2801039890128882,0.5685228427233594,1.1785561080854858
11.05,0.23947744907270463,0.2811837369149285,0.5707651272511889,1.1741553870885018
11.067,0.23708903571317824,0.283183519154463,0.5560655151635031,1.1944184525557233
11.083,0.24243424597757257,0.2884846688469439,0.5618023058171782,1.1899501561080255
11.1,0.2371012221070951,0.2886683858079588,0.54629815106765,1.2174900797329993
11.117,0.23462407484071546,0.2906780729866601,0.5606963743121243,1.2389098313291136
11.133,0.23327991396477366,0.2839308929298525,0.5424447134185759,1.2171253328425327
11.15,0.22979876492225687,0.28137444408423423,0.5487511290628574,1.2244384523973657
11.167,0.2277786987818758,0.2862515796566311,0.5462437334061876,1.2567091707322018
11.183,0.23533051281124887,0.28313519631650025,0.561146232401672,1.2031384835488546
11.2,0.23725524560040645,0.28487935232842493,0.5577729459993714,1.2007294153075487
11.217,0.2382140670569293,0.2886073640836572,0.5545679804200102,1.2115462686537515
11.233,0.23770443847686112,0.28701220948529105,0.551444370792012,1.2074331103128715
11.25,0.2384489648001492,0.28664426136517196,0.5540916952659907,1.202119965609482
11.267,0.2387514167340532,0.2952497038693428,0.5595341502688826,1.2366406361400712
11.283,0.23804684886498087,0.29057200034983377,0.5532245561328928,1.2206504800853084
11.3,0.2383216162103287,0.2870636129618882,0.5526042635783298,1.2045219293433402
11.317,0.23190806950484028,0.28298519000564754,0.5539348301180325,1.2202472756116889
11.333,0.2356884533603066,0.28638650307946234,0.5536438527246246,1.2151062090498406
11.35,0.23766294254203654,0.29313602734433064,0.5595150539110986,1.233410746366074
11.367,0.2352993886155721,0.2915494991394493,0.5572598997999435,1.239057614449554
11.383,0.231115276343281,0.28865210629589033,0.5543032836530699,1.2489529505057404
11.4,0.23437057333113234,0.29001058744563973,0.5594573263939548,1.2374018773930973
11.417,0.23884835585810404,0.2958234214740974,0.5535610070692201,1.2385407486323303
11.433,0.23814188231024339,0.28612048784520155,0.5505771674001647,1.2014706739927974
11.45,0.24153255360526119,0.28647114350356406,0.5546245239072508,1.1860560376956326
11.467,0.23968777054209311,0.2915224955270248,0.5523758724444339,1.216259364704753
11.483,0.24407741989011172,0.28368394313183337,0.5559017098401763,1.1622703290601533
11.5,0.22857273720168536,0.29202847291581663,0.5390449119591425,1.277617254319092
11.517,0.23654344252195997,0.2885987198861389,0.5462970052815641,1.2200664571766613
11.533,0.22998715511297743,0.2784291453936682,0.5455584235281049,1.2106291121210417
11.55,0.2295556418763719,0.2908791111218068,0.5415816592997292,1.2671398914188348
11.567,0.2155348463169925,0.29476207304770446,0.5279860081656562,1.3675843052041363
11.583,0.22092918261364064,0.2954240399696793,0.5327698211097429,1.3371888515349044
11.6,0.21224717184456088,0.2972318984586619,0.5277527770557745,1.4004045183524967
11.617,0.2112769854144786,0.29452803527353943,0.5251944153497992,1.3940374750034452
11.633,0.2087137551366821,0.28487499020502344,0.52000770953944,1.364907598056798
11.65,0.2034750269963052,0.28838558528011304,0.5179435860856485,1.4173021109138355
11.667,0.206300302709577,0.2881805973897784,0.5202236302722345,1.396898567790615
11.683,0.20617765963730322,0.28879856942748683,0.5190904708014785,1.4007267806586121
11.7,0.20936467592775432,0.2930621855307599,0.5224814949628545,1.3997690118073556
11.717,0.20220375547462904,0.2896180584999565,0.520458075395693,1.4323080094142737
11.733,0.20221087255503667,0.2885265238103664,0.519227830893443,1.4268595954544274
11.75,0.19955347238947757,0.29417608678527785,0.5164864877415924,1.4741717258175344
11.767,0.19934531523272248,0.2964847083024705,0.5178277166465797,1.4872920788549466
11.783,0.20375025719073103,0.2839916036206243,0.5210204269119284,1.393822062049125
11.8,0.2021287516267532,0.28421187363989514,0.5230937618443889,1.4060932517147038
11.817,0.20860586016877053,0.2880989127436689,0.5343101540393331,1.3810681661128086
11.833,0.21792219291704878,0.283670738289796,0.5341734222777281,1.3017065150302252
11.85,0.2013000338819492,0.29837000637595135,0.5243764279912738,1.4822153808028073
11.867,0.22053387453844572,0.2914751042932207,0.5345859708083442,1.3216795147831486
11.883,0.2100811246670823,0.2888063546216695,0.5356921824664909,1.3747372834153657
11.9,0.22064809687802758,0.29059369985788447,0.5412498214005024,1.3170007082296395
11.917,0.2112058722247424,0.28987961869862094,0.5364833133111466,1.3724979123220706
11.933,0.22004024005354417,0.28948475373808036,0.5383853806554111,1.3155991543530297
11.95,0.21380813539273757,0.2885147508383611,0.5371602412294567,1.3494096017833803
11.967,0.21917814845020317,0.2893761675819959,0.5420161433095142,1.3202783654673567
11.983,0.2149083724495401,0.28485720331028797,0.5437151841443484,1.3254821115783735
12.0,0.22195396318179253,0.28222913231043617,0.5374341597710168,1.2715660863387015
12.017,0.21526247696733247,0.2788884240113972,0.5364045090591727,1.2955737940975212
12.033,0.22104331959097168,0.28484465896893596,0.5387474814529827,1.2886372657451268
12.05,0.21951954906975407,0.28830079813663706,0.5389244376828717,1.3133263044605983
12.067,0.2221424772252108,0.2868271612849512,0.5411954082092918,1.2911855709350097
12.083,0.22154177913797468,0.28739961622325894,0.5391415191565925,1.2972705073577497
12.1,0.21973776395044678,0.2827425795769381,0.537979731617464,1.2867272993671657
12.117,0.20610811123320733,0.28213538440210273,0.5233451682672555,1.3688708450822298
12.133,0.2043852018897894,0.2843882382692012,0.5245238897573907,1.3914326264313002
12.15,0.19364576936468159,0.2815584445660505,0.5148964213351097,1.4539870687069243
12.167,0.19764980294047163,0.2852102585903769,0.5175869826350743,1.4430080594427752
12.183,0.20449572986628062,0.2816521872063366,0.5158528132870217,1.3773010682937412
12.2,0.20611619964855626,0.290460001791421,0.5216057411122328,1.4092051099655307
12.217,0.2000167713096517,0.2896443740885402,0.5127394592153753,1.4481004377384608
12.233,0.19948557326049382,0.2838631484584923,0.5167546846989106,1.42297582636623
12.25,0.20220336081068385,0.29115315517867846,0.5194679601884502,1.4399026505364334
12.267,0.20766313014159896,0.28249461658198194,0.5205521268602885,1.3603503731709994
12.283,0.2085932112369748,0.2861284341178099,0.5238433386648129,1.3717053993322452
12.3,0.19949216742924017,0.28572688032736543,0.5170558107272779,1.4322711713917926
12.317,0.19997179939545112,0.2882459603466545,0.5165016150527497,1.4414330481501454
12.333,0.2079090118841641,0.2844034871684873,0.5264072985596435,1.367922845628942
12.35,0.2030841253826881,0.2838458378319038,0.5232009860913993,1.3976761467546013
12.367,0.20901553364545855,0.2873819365601307,0.5217883249302089,1.3749309993753898
12.383,0.20771281656586404,0.2795306702260835,0.5193892750062326,1.3457555236484247
12.4,0.19727647537983473,0.28585672509250676,0.517268550903208,1.4490157761695623
12.417,0.19883546812410197,0.28670624333965417,0.5199924145154475,1.4419270668586561
12.433,0.1965000767312066,0.28109001292716373,0.5147291674496717,1.4304829677581659
12.45,0.19691451555814934,0.2833336074958802,0.5184145149834076,1.4388660312459856
12.467,0.20856836987601318,0.28586489006115817,0.5198618311766069,1.3706051892292928
12.483,0.21013715181690829,0.2963075320425092,0.5222537780100406,1.410067327364753
12.5,0.2041524310611713,0.2854186692666462,0.5188861050292699,1.3980664730910046
12.517,0.19883218719272472,0.2840229229884607,0.5191109143493978,1.4284554578337059
12.533,0.20206761118661193,0.280580872804843,0.5228835803307954,1.388549462020032
12.55,0.20063539444468026,0.28016335719677143,0.5222303942890746,1.396380523846299
12.567,0.19736531332041504,0.27741468031703864,0.5162653065831762,1.4055898458036875
12.583,0.2033251045135802,0.2833349090337153,0.515616322829471,1.3935067669658625
12.6,0.19794957162135554,0.2783309808129132,0.5129104875799722,1.406070134596269
12.617,0.19411002297760854,0.2818811845271075,0.5154048749154623,1.4521722279102698
12.633,0.200368615322207,0.2805133382676536,0.5203693557745599,1.3999864091318304
12.65,0.2040869011707167,0.2840673781163572,0.5225737566788088,1.3918942199957145
12.667,0.20046536060890713,0.28766109612911633,0.5142118861856724,1.434966596001199
12.683,0.19719714207397432,0.2854628574361036,0.5150327566541489,1.447601392362057
12.7,0.20256121307031352,0.27744301184950504,0.5189887578773659,1.3696749128037575
12.717,0.20046283274458368,0.2775575045181814,0.5197875718350893,1.3845833699847323
12.733,0.1969786796586584,0.2848617824532509,0.5196536463540145,1.4461554059905564
12.75,0.19408330942813024,0.2849788630525117,0.5147318257067736,1.4683326654528241
12.767,0.19861606580187707,0.28228479978676724,0.5096812406445408,1.4212586411229753
12.783,0.2061269930109606,0.28354787251616986,0.5192208305858674,1.3755979669343572
12.8,0.1937439230258376,0.28236248633644734,0.5147344057852286,1.4574004795948703
12.817,0.19574898538151572,0.2816191519156098,0.5165801151352153,1.4386748997279997
12.833,0.2002220434488241,0.2793884549372878,0.5121684290362947,1.3953930852209002
12.85,0.20006598266720022,0.2771948904962356,0.5153432176360193,1.3855173518295485
12.867,0.2020211892720293,0.2757342748398832,0.5189727584431871,1.364877990439886
12.883,0.20389005326355691,0.280507776420843,0.5202316628447146,1.3757796024421396
12.9,0.20417718327949747,0.28273224045049883,0.5192672759213857,1.3847396457784786
12.917,0.20687953922551638,0.28785964642082584,0.5165971722173426,1.391436038085111
12.933,0.20098682004583152,0.2808131514920845,0.5111864306281214,1.3971719709185408
12.95,0.19819688470653385,0.28041896561290075,0.5217095755428824,1.4148505211275721
12.967,0.19545101842897195,0.28067901368905707,0.5196273075030369,1.436058077083172
12.983,0.19397990280868485,0.27843218775139655,0.5155204776425417,1.435366157627184
13.0,0.19486277030919716,0.27374397691947194,0.5105276616570945,1.4048038857556555
13.017,0.19474616871747735,0.2726131302615409,0.5186871624510385,1.3998382204736817
13.033,0.1975525834832047,0.2947382927994107,0.5224042271897307,1.4919485617583352
13.05,0.19938277570939997,0.2881471327942264,0.5227546596913513,1.4451957134662439
13.067,0.19254304852353196,0.27524770251938957,0.5155673402098683,1.4295385090765804
13.083,0.19436227858811567,0.2795819802139477,0.5164286228543972,1.438458029227091
13.1,0.20132423585610085,0.2928011988328607,0.5190409103399347,1.4543763078884562
13.117,0.1909097326635113,0.27857217739746787,0.5136428362858866,1.459182690745612
13.133,0.19848432332029592,0.29118141294722166,0.5191831131485609,1.4670247406760666
13.15,0.19637457015789453,0.2846161230295996,0.5195289324890175,1.44935325791295
13.167,0.20250164331457754,0.28594657634991405,0.5189363841484609,1.4120703993779864
13.183,0.20142925061941663,0.2843932811554394,0.5204457314764688,1.411876776986954
13.2,0.20069019304190863,0.2859253923293354,0.514851956158831,1.4247103358440028
13.217,0.19984300726372084,0.2843392152895209,0.513279714440042,1.4228129329253711
13.233,0.20410937454244502,0.2781483322179534,0.5160724402124679,1.362741583239293
13.25,0.2012050527990497,0.2783898617946452,0.5154759690182467,1.3836126773251691
13.267,0.19793043445511932,0.2762031680900832,0.5170206950907581,1.395455776421853
13.283,0.20189204168792987,0.2768482148377898,0.519552878507907,1.3712685875242263
13.3,0.2007252516143762,0.27488520065797,0.5195364515609923,1.3694599879544123
13.317,0.19940640215099573,0.278850128832327,0.5168217749963823,1.3984010835378016
13.333,0.19497104116594355,0.2786326282910209,0.5155931270014104,1.4290975040435436
13.35,0.20271372470848598,0.2812969487814486,0.5168898051500934,1.3876561598676649
13.367,0.19869495321364977,0.28024141870718927,0.5163976624410306,1.4104103510160897
13.383,0.19517725522263332,0.28384565415171825,0.5197902495194101,1.4542967818045363
13.4,0.19363759061292876,0.2813699612232786,0.5144934736700447,1.4530750993784167
13.417,0.19310645946487048,0.286176730034913,0.5117355895177182,1.4819635284493093
13.433,0.1953946960320207,0.28493450454779723,0.5095050628967333,1.4582509675754096
13.45,0.19757376398990195,0.2830824352572844,0.51021819530846,1.4327936540792572
13.467,0.1995247500695094,0.28560938360483434,0.5150266006890115,1.4314483967795235
13.483,0.19601862519367927,0.28589686297551525,0.511413763723945,1.458518866220138
13.5,0.19094198413990998,0.27783840475126464,0.5113446904501926,1.4550933154003605
13.517,0.19355661754539033,0.2868226304676533,0.5128699843181371,1.481853909750161
13.533,0.19405562000778953,0.2824018296665076,0.5131630322305791,1.4552623091007197
13.55,0.19068680045722108,0.28340918039819407,0.5119250063785852,1.486254841544601
13.567,0.19582679635687317,0.28165675321407324,0.515900643965399,1.4382952611898132
13.583,0.19225589330371848,0.28285880233486366,0.511568001310036,1.4712620636706006
13.6,0.19287366023889002,0.28931831596749685,0.508381945963489,1.5000405737577238
13.617,0.19062241839792232,0.2879241668536171,0.5052365000472241,1.510442314568575
13.633,0.19020596630553932,0.283002023702138,0.5093437709363678,1.4878714332626917
13.65,0.18932179998230522,0.2858501966320246,0.5102184836623564,1.5098641395694596
13.667,0.1829553108483656,0.28651296177777763,0.5069880575767083,1.5660270283995263
13.683,0.18251415041225671,0.28859832275644653,0.5062032079223009,1.5812380689638066
13.7,0.18114229632406478,0.2909709853182296,0.5061972158909033,1.6063116744290389
13.717,0.17844362711328204,0.29018708468449966,0.513877424009448,1.626211534583295
13.733,0.1744492935761621,0.28209572764758084,0.5152687934162118,1.617064316310469
13.75,0.1697094492026393,0.28922584470715984,0.5147766842576456,1.7042412550748047
13.767,0.1701505972691465,0.29223296271434096,0.5141224365832606,1.71749595596237
13.783,0.1828998745737236,0.28785792776456115,0.5189620502587007,1.573855249684881
13.8,0.18252712487991135,0.2881667597705572,0.5217947337435543,1.5787612934797968
13.817,0.1739175556323167,0.28495349284613997,0.5178876317660478,1.6384400747246415
13.833,0.18085345109755263,0.28497478497835593,0.5145960356735926,1.5757221288779284
13.85,0.18258404554562974,0.288731082131104,0.5152673936915177,1.5813598678256198
13.867,0.17985069334359677,0.2871835419305168,0.5168249770668345,1.5967886283422073
13.883,0.18075112636808904,0.28787951657751015,0.5144092783755796,1.5926844958700863
13.9,0.174929940082118,0.2930355898058152,0.515264143960927,1.6751597220478918
13.917,0.17377957083399537,0.296295384791859,0.5175842002327262,1.705007000361959
13.933,0.18169325477663228,0.2952249627210973,0.5231287677842239,1.6248537298978827
13.95,0.1803335832453664,0.2890236419946588,0.519655626688305,1.6027166809046651
13.967,0.17895753644207874,0.2858766735846895,0.523116269905949,1.5974553476110023
13.983,0.18031124897469605,0.2886995933701886,0.5242892702799851,1.6011180390121038
14.0,0.18029673950679048,0.2888305173660355,0.5202100856371867,1.6019730481879142
14.017,0.18079473445619199,0.2863970975866999,0.5196426351126633,1.5841008779826837
14.033,0.18460060996398564,0.28975199740240143,0.520971040799521,1.5696156012644278
14.05,0.1861536060320157,0.29026950118044315,0.5193043877786676,1.5593009846423338
14.067,0.19002679321652657,0.299283201631544,0.5253307799102003,1.5749526504429556
14.083,0.19079895604776873,0.29939979106773323,0.5217324427631667,1.5691898806447087
14.1,0.1898267411222655,0.2994455313803384,0.5230123341030009,1.5774675876012039
14.117,0.1795412991828118,0.3015336653577393,0.5183861946376882,1.6794668788194125
14.133,0.17988020853772163,0.2952313546177241,0.5163710162374413,1.641266468488738
14.15,0.19182195967662136,0.28622803393446405,0.5252929174226375,1.4921546751841916
14.167,0.19293708561347195,0.2884134570686253,0.5273726838617816,1.4948575394490498
14.183,0.18078052167350386,0.2837894640103397,0.5176485791975156,1.569801112328206
14.2,0.1817691678809401,0.2835902435360531,0.5187831837851574,1.5601669240286473
14.217,0.18302105118675377,0.29329136388814,0.5195506027321596,1.602500706811409
14.233,0.17452332096521958,0.296356701861845,0.5213264169115116,1.6980922676855625
14.25,0.17615414198795676,0.29479698181776953,0.5204711673688612,1.6735171736008576
14.267,0.1844216240808103,0.2927812918107076,0.5205767860409193,1.5875648708223933
14.283,0.18583999890255162,0.29217512576621624,0.5193894782876648,1.5721864372127081
14.3,0.18097064792644696,0.2954246206819398,0.5187462611556601,1.632444952078699
14.317,0.184967668868304,0.29214503974685196,0.522189837707717,1.5794384042048866
14.333,0.18084800481251012,0.29325401297299847,0.5180198231527223,1.6215496171883268
14.35,0.18916638397455013,0.2925436909467031,0.5223575240037986,1.546488783049641
14.367,0.18781324922682266,0.28421371355936126,0.5211637822178834,1.5132782949520003
14.383,0.18806125178583868,0.28151645802135633,0.52494384613895,1.4969402540292724
14.4,0.1756842310497036,0.290249838136848,0.5170092340727704,1.6521109288102935
14.417,0.17608492977383391,0.2945975628648483,0.516271743189483,1.6730424531118804
14.433,0.19115259208798369,0.29192312480758587,0.5229847660966711,1.527173247398181
14.45,0.19113920584265065,0.2924228317628359,0.5219593777492191,1.5298945628327232
14.467,0.1921311076781479,0.28867564821181396,0.5206304203376655,1.50249302000275
14.483,0.19437837977255956,0.27996111884779656,0.5228335182492302,1.4402893941979382
14.5,0.19348456218460092,0.2817909269562604,0.5229736528178224,1.4564000547361893
14.517,0.18626227302187684,0.28683762275372005,0.5251023249018112,1.539966296449257
14.533,0.18441079037105929,0.2892974977609143,0.5238348506327751,1.5687666496022759
14.55,0.18225378112116564,0.2869767677601385,0.5240618045698,1.5745998025102759
14.567,0.18919356303507268,0.28581617281092786,0.5272027847602556,1.5107077018151156
14.583,0.19319624172851563,0.2856331163571392,0.5329937421719675,1.4784610394156543
14.6,0.185601029164412,0.28736281926801743,0.5267341491740614,1.5482824667607915
14.617,0.17905850959002767,0.289904925291051,0.5148152057370153,1.6190513701628437
14.633,0.16600122623808455,0.285082605795774,0.4985413157652685,1.7173524091135262
14.65,0.16454229481209157,0.28334842510998376,0.49759351761091936,1.7220400714209658
14.667,0.15188397008957805,0.28454417639815355,0.4933158560900396,1.8734312530172554
14.683,0.1516915763743912,0.28247438889990906,0.49074152874611754,1.862162656960804
14.7,0.16041165876558672,0.2796341664546824,0.4901275065049012,1.7432284449057305
14.717,0.15535798846539337,0.28669432472470036,0.4913292365766401,1.8453787124603682
14.733,0.15648332664499315,0.29243809455118225,0.486424149242079,1.8688131241906922
14.75,0.15693773601100908,0.29035520087655947,0.487487129687429,1.8501299193980423
14.767,0.1548004931120078,0.29680028161846267,0.49289026734816643,1.9173083731956149
14.783,0.15213947823839966,0.28875888439403935,0.48981451156871425,1.8979878709821767
14.8,0.1527324473458751,0.30522641136824114,0.49343035708220695,1.9984385549524457
14.817,0.15182286018753402,0.2971034820206584,0.48653289369837904,1.9569087399201375
14.833,0.14840592171589279,0.2960447827133999,0.4840863181512318,1.9948313334837533
14.85,0.146565417645613,0.2833580537517751,0.481686926810974,1.9333213680523125
14.867,0.150967683321448,0.2888770020569799,0.48518792725690973,1.913502252279307
14.883,0.15422534455553377,0.2902449420462638,0.48678430191969435,1.8819535977224016
14.9,0.15650258208537976,0.28715337474888647,0.48833287819916227,1.8348155725138795
14.917,0.15918844566004492,0.2789969360991745,0.4862300460767195,1.7526205180430414
14.933,0.16010514499751763,0.28034235609166985,0.4853211636723667,1.7509890522007676
14.95,0.15790128428471933,0.28265494877170555,0.48187612241879463,1.7900737796536026
14.967,0.15948198405275466,0.2837805353626431,0.48343277282789887,1.7793892962152515
14.983,0.16614555661991248,0.28409529005357737,0.49227783582719614,1.7099180732440282
15.0,0.15851817917183514,0.2869481269865008,0.4861586571214435,1.8101906575361708
15.017,0.18564330151444475,0.2974777274635122,0.4991782512700351,1.602415627371105
15.033,0.16918986762756041,0.3015588860127318,0.49318079878041066,1.782369655117627
15.05,0.16769554812737408,0.2844311950043724,0.4944952263198603,1.6961165527681816
15.067,0.17677574046796446,0.2910714226714816,0.5001196034778035,1.6465575078398835
15.083,0.15794624438265928,0.28106612895136945,0.48879170898088287,1.7795049831664587
15.1,0.12237920632951932,0.2966036371601312,0.48697074182840394,2.423644065491761
15.117,0.11299693444063787,0.2792716160750052,0.4823658644588594,2.471497279616188
15.133,0.06555213272172318,0.28472779903572426,0.46634910731881163,4.3435321966476454
15.15,0.06997891032743271,0.2804959172621289,0.4701002667447553,4.008292154731803
15.167,0.0686431840030655,0.28925221721492705,0.47424258886052384,4.213851985683086
15.183,0.06972376463330174,0.29296633378614595,0.47793175605654314,4.201814622703522
15.2,0.1028184644500136,0.2889421276020384,0.49795501142198345,2.8102163278514145
15.217,0.10298570955009215,0.29642467485733,0.4931587728961687,2.878308807622958
15.233,0.16117560453972363,0.2837257696432345,0.52567884157359,1.7603518252869772
15.25,0.12473958528793994,0.279075960265398,0.5031363722554465,2.2372686234381733
15.267,0.19038784246016804,0.2671882969914811,0.5442263886145176,1.4033894892599608
15.283,0.15017643189421137,0.27404274065937234,0.5208659816638417,1.8248052454223709
15.3,0.16416799574738516,0.2712062763168976,0.531331481398825,1.6520045523015243
15.317,0.2142125571166416,0.2827144794462508,0.5611955632065868,1.3197848121121534
15.333,0.19055101366240457,0.28586175690137605,0.5414614721126476,1.5001849185007834
15.35,0.22851897599074206,0.27767003626002673,0.5575876412239875,1.2150852464491873
15.367,0.19954955888653808,0.2817824045970964,0.5354383946208334,1.4120923452269576
15.383,0.233932450723696,0.27916488543123974,0.5712188888981748,1.193356819746949
15.4,0.21526071554579493,0.286742411975652,0.5420415176580057,1.3320703280606252
15.417,0.24777998081578817,0.2805361072883414,0.5902688269761418,1.132198438165615
15.433,0.24447751182666444,0.28009398775682337,0.57624846524255,1.1456840576625762
15.45,0.22201348812579433,0.28097395626596083,0.5557655273311723,1.2655715589079846
15.467,0.25056772088223467,0.27604250232601074,0.5939471255619135,1.1016682490229819
15.483,0.21744566131368337,0.2898758272072964,0.5508619204458416,1.3330954752374962
15.5,0.25639486483991253,0.28326585694204726,0.6010435645552146,1.104803160230656
15.517,0.2360835519314966,0.2886080511818228,0.5666548662847413,1.2224826711585863
15.533,0.25993180418039225,0.2694222117558815,0.5945118523347915,1.036511144164963
15.55,0.23075022178094,0.28292968598901586,0.5541211755138787,1.2261296383828042
15.567,0.24747484705373035,0.27315689771044915,0.5877241444751262,1.103776407834865
15.583,0.23503160018572478,0.27943633326522527,0.5632041826532541,1.188930905650182
15.6,0.23552567171138858,0.2740721453635166,0.570034583818711,1.1636614530044207
15.617,0.2346946845104061,0.2792273181945222,0.5719384813496793,1.1897470911069634
15.633,0.2352684079346276,0.26954782383845033,0.56726501087403,1.145703438063591
15.65,0.23242030887894,0.27258497373055135,0.563414273290635,1.1728104787629887
15.667,0.23465700784976318,0.268241261993056,0.5646157981288278,1.1431206101664553
15.683,0.23989711310692285,0.26935566648940956,0.5723674553322612,1.1227966147694197
15.7,0.23063504669984966,0.2675389725931117,0.5578745063667772,1.1600100523373151
15.717,0.2417225306029212,0.2754982371523702,0.5735586751203745,1.139729244374545
15.733,0.24316404585898316,0.26925743668674346,0.5773342813913553,1.1073077672136304
15.75,0.2477419174138297,0.2714794242201243,0.5859177345526486,1.0958154641495057
15.767,0.24199954816560101,0.27434111244428566,0.5759721966104587,1.1336430771207606
15.783,0.2513147377182761,0.26972692434696954,0.5941694898440113,1.0732634575905113
15.8,0.24889471461465917,0.2683111008600108,0.5907451492139459,1.0780104401791426
15.817,0.25244688914907426,0.2731092284904835,0.5874557809296779,1.0818482628605806
15.833,0.24477396762281167,0.2729799151353229,0.5737480100302376,1.1152326278257483
15.85,0.24447423784098332,0.271900760616879,0.5777923738513704,1.112185737925217
15.867,0.2533577330721159,0.26604042670834066,0.5941460053325918,1.050058442986679
15.883,0.2478802786362021,0.2724541262716178,0.5904645707236125,1.0991359529310565
15.9,0.24579086298059688,0.2623978997284723,0.5770689063873122,1.0675657204929803
15.917,0.23815696256912083,0.26893933997242986,0.5770698270937025,1.129252477321023
15.933,0.25134552988203007,0.26568005718909216,0.5891766148224189,1.0570311607045093
15.95,0.24644370268693105,0.26632167002470736,0.5793381583836901,1.0806592626269222
15.967,0.2511678451477186,0.26334990305904743,0.585696615147696,1.0485016619231822
15.983,0.23791073586772693,0.2599544668154762,0.5751252948762998,1.0926554695707598
16.0,0.24882861221137628,0.2628249896932595,0.5887132943420254,1.0562490678121594
16.017,0.23798057891663138,0.2655838621746597,0.5843254044016317,1.1159896466496881
16.033,0.2531741266311035,0.2671346971414987,0.5820986142027733,1.055142169131433
16.05,0.24488941734813804,0.26327450309100375,0.5756974807813229,1.0750750520049188
16.067,0.2479746305217928,0.255052744770907,0.5853855691759531,1.028543703177298
